ID,appliances
8980,3.6888794541139400
2754,3.6888794541139400
9132,3.6888794541139400
14359,3.6888794541139400
8875,3.6888794541139400
10239,3.6888794541139400
8348,3.6888794541139400
15847,3.6888794541139400
13166,3.6888794541139400
7801,3.6888794541139400
451,3.6888794541139400
12350,3.6888794541139400
4614,3.6888794541139400
7221,3.6888794541139400
11384,3.6888794541139400
9564,3.6888794541139400
13607,3.6888794541139400
15465,3.6888794541139400
16337,3.6888794541139400
4339,3.6888794541139400
7888,3.6888794541139400
10074,3.6888794541139400
1632,3.6888794541139400
2300,3.6888794541139400
18124,3.6888794541139400
19145,3.6888794541139400
8214,3.6888794541139400
5861,3.6888794541139400
17316,3.6888794541139400
9899,3.6888794541139400
13280,3.6888794541139400
7879,3.6888794541139400
16092,3.6888794541139400
15111,3.6888794541139400
3106,3.6888794541139400
9303,3.6888794541139400
4336,3.6888794541139400
12105,3.6888794541139400
17494,3.6888794541139400
14954,3.6888794541139400
17178,3.6888794541139400
13549,3.6888794541139400
17311,3.6888794541139400
2781,3.6888794541139400
3826,3.6888794541139400
5371,3.6888794541139400
7109,3.6888794541139400
3059,3.6888794541139400
1153,3.6888794541139400
14768,3.6888794541139400
19383,3.6888794541139400
15702,3.6888794541139400
13951,3.6888794541139400
19205,3.6888794541139400
14218,3.6888794541139400
9347,3.6888794541139400
8843,3.6888794541139400
9052,3.6888794541139400
10726,3.6888794541139400
9606,3.6888794541139400
2676,3.6888794541139400
3509,3.6888794541139400
18494,3.6888794541139400
2495,3.6888794541139400
6760,3.6888794541139400
9489,3.6888794541139400
3169,3.6888794541139400
8237,3.6888794541139400
2930,3.6888794541139400
3047,3.6888794541139400
5489,3.6888794541139400
2794,3.6888794541139400
16010,3.6888794541139400
11567,3.6888794541139400
15027,3.6888794541139400
16986,3.6888794541139400
2034,3.6888794541139400
9880,3.6888794541139400
17441,3.6888794541139400
5711,3.6888794541139400
928,3.6888794541139400
19278,3.6888794541139400
4528,3.6888794541139400
8824,3.6888794541139400
4116,3.6888794541139400
3616,3.6888794541139400
8842,3.6888794541139400
5862,3.6888794541139400
17863,3.6888794541139400
11541,3.6888794541139400
14508,3.6888794541139400
4884,3.6888794541139400
2141,3.6888794541139400
16437,3.6888794541139400
7217,3.6888794541139400
10755,3.6888794541139400
12956,3.6888794541139400
7711,3.6888794541139400
2647,3.6888794541139400
18113,3.6888794541139400
8332,3.6888794541139400
19388,3.6888794541139400
1034,3.6888794541139400
10328,3.6888794541139400
6177,3.6888794541139400
4885,3.6888794541139400
9842,3.6888794541139400
10866,3.6888794541139400
8223,3.6888794541139400
6105,3.6888794541139400
18932,3.6888794541139400
13499,3.6888794541139400
19321,3.6888794541139400
10979,3.6888794541139400
10299,3.6888794541139400
16836,3.6888794541139400
13003,3.6888794541139400
11073,3.6888794541139400
971,3.6888794541139400
3310,3.6888794541139400
2150,3.6888794541139400
14493,3.6888794541139400
3930,3.6888794541139400
936,3.6888794541139400
2777,3.6888794541139400
7650,3.6888794541139400
14608,3.6888794541139400
13722,3.6888794541139400
503,3.6888794541139400
7944,3.6888794541139400
2498,3.6888794541139400
5945,3.6888794541139400
5343,3.6888794541139400
8144,3.6888794541139400
7330,3.6888794541139400
18118,3.6888794541139400
15084,3.6888794541139400
15249,3.6888794541139400
2909,3.6888794541139400
7048,3.6888794541139400
12143,3.6888794541139400
14856,3.6888794541139400
10246,3.6888794541139400
11852,3.6888794541139400
19576,3.6888794541139400
11788,3.6888794541139400
13303,3.6888794541139400
15008,3.6888794541139400
6063,3.6888794541139400
11968,3.6888794541139400
10796,3.6888794541139400
313,3.6888794541139400
3857,3.6888794541139400
1297,3.6888794541139400
15010,3.6888794541139400
16141,3.6888794541139400
1350,3.6888794541139400
7534,3.6888794541139400
17290,3.6888794541139400
16651,3.6888794541139400
5683,3.6888794541139400
12374,3.6888794541139400
18526,3.6888794541139400
3798,3.6888794541139400
16508,3.6888794541139400
3860,3.6888794541139400
11327,3.6888794541139400
6641,3.6888794541139400
6323,3.6888794541139400
17659,3.6888794541139400
16317,3.6888794541139400
17918,3.6888794541139400
8582,3.6888794541139400
15176,3.6888794541139400
11811,3.6888794541139400
9292,3.6888794541139400
19481,3.6888794541139400
8889,3.6888794541139400
218,3.6888794541139400
7250,3.6888794541139400
6148,3.6888794541139400
11333,3.6888794541139400
8703,3.6888794541139400
4548,3.6888794541139400
17321,3.6888794541139400
10671,3.6888794541139400
4556,3.6888794541139400
12571,3.6888794541139400
10540,3.6888794541139400
6677,3.6888794541139400
8762,3.6888794541139400
6165,3.6888794541139400
3433,3.6888794541139400
5102,3.6888794541139400
1862,3.6888794541139400
13962,3.6888794541139400
14273,3.6888794541139400
8816,3.6888794541139400
11782,3.6888794541139400
10021,3.6888794541139400
5274,3.6888794541139400
326,3.6888794541139400
13571,3.6888794541139400
5905,3.6888794541139400
2699,3.6888794541139400
13690,3.6888794541139400
322,3.6888794541139400
16833,3.6888794541139400
6198,3.6888794541139400
19454,3.6888794541139400
14833,3.6888794541139400
14283,3.6888794541139400
3698,3.6888794541139400
1052,3.6888794541139400
15879,3.6888794541139400
17486,3.6888794541139400
15554,3.6888794541139400
9066,3.6888794541139400
19345,3.6888794541139400
4634,3.6888794541139400
11233,3.6888794541139400
2724,3.6888794541139400
3314,3.6888794541139400
12906,3.6888794541139400
5746,3.6888794541139400
2167,3.6888794541139400
2932,3.6888794541139400
11315,3.6888794541139400
9252,3.6888794541139400
7567,3.6888794541139400
6712,3.6888794541139400
6202,3.6888794541139400
4230,3.6888794541139400
14525,3.6888794541139400
1838,3.6888794541139400
6206,3.6888794541139400
3800,3.6888794541139400
8507,3.6888794541139400
11941,3.6888794541139400
16350,3.6888794541139400
13982,3.6888794541139400
18625,3.6888794541139400
1869,3.6888794541139400
8973,3.6888794541139400
13709,3.6888794541139400
12302,3.6888794541139400
2621,3.6888794541139400
14439,3.6888794541139400
2277,3.6888794541139400
3421,3.6888794541139400
3488,3.6888794541139400
19460,3.6888794541139400
15163,3.6888794541139400
7858,3.6888794541139400
4767,3.6888794541139400
11848,3.6888794541139400
4822,3.6888794541139400
960,3.6888794541139400
5761,3.6888794541139400
15767,3.6888794541139400
6428,3.6888794541139400
7501,3.6888794541139400
9331,3.6888794541139400
9835,3.6888794541139400
4347,3.6888794541139400
4043,3.6888794541139400
7882,3.6888794541139400
12761,3.6888794541139400
13824,3.6888794541139400
12862,3.6888794541139400
8040,3.6888794541139400
14733,3.6888794541139400
2605,3.6888794541139400
14544,3.6888794541139400
17080,3.6888794541139400
10371,3.6888794541139400
5222,3.6888794541139400
17990,3.6888794541139400
16247,3.6888794541139400
12567,3.6888794541139400
9883,3.6888794541139400
19104,3.6888794541139400
7163,3.6888794541139400
17751,3.6888794541139400
6162,3.6888794541139400
15567,3.6888794541139400
14016,3.6888794541139400
11160,3.6888794541139400
12340,3.6888794541139400
13416,3.6888794541139400
9047,3.6888794541139400
15203,3.6888794541139400
2730,3.6888794541139400
11651,3.6888794541139400
13546,3.6888794541139400
8660,3.6888794541139400
3043,3.6888794541139400
19569,3.6888794541139400
499,3.6888794541139400
18001,3.6888794541139400
341,3.6888794541139400
18769,3.6888794541139400
18198,3.6888794541139400
12282,3.6888794541139400
5809,3.6888794541139400
4653,3.6888794541139400
15256,3.6888794541139400
7975,3.6888794541139400
856,3.6888794541139400
9577,3.6888794541139400
19376,3.6888794541139400
8846,3.6888794541139400
14505,3.6888794541139400
17735,3.6888794541139400
15509,3.6888794541139400
5921,3.6888794541139400
6836,3.6888794541139400
19178,3.6888794541139400
6074,3.6888794541139400
8586,3.6888794541139400
11426,3.6888794541139400
15045,3.6888794541139400
3978,3.6888794541139400
3755,3.6888794541139400
4740,3.6888794541139400
484,3.6888794541139400
12793,3.6888794541139400
8254,3.6888794541139400
19179,3.6888794541139400
4852,3.6888794541139400
3073,3.6888794541139400
6778,3.6888794541139400
15653,3.6888794541139400
17526,3.6888794541139400
409,3.6888794541139400
4989,3.6888794541139400
2444,3.6888794541139400
2602,3.6888794541139400
14510,3.6888794541139400
9364,3.6888794541139400
11150,3.6888794541139400
878,3.6888794541139400
718,3.6888794541139400
12283,3.6888794541139400
14930,3.6888794541139400
18846,3.6888794541139400
18879,3.6888794541139400
9529,3.6888794541139400
6145,3.6888794541139400
19286,3.6888794541139400
19583,3.6888794541139400
19361,3.6888794541139400
19585,3.6888794541139400
4977,3.6888794541139400
9913,3.6888794541139400
2325,3.6888794541139400
1534,3.6888794541139400
14276,3.6888794541139400
8801,3.6888794541139400
16144,3.6888794541139400
6271,3.6888794541139400
8439,3.6888794541139400
466,3.6888794541139400
3920,3.6888794541139400
4296,3.6888794541139400
9625,3.6888794541139400
17853,3.6888794541139400
5272,3.6888794541139400
15366,3.6888794541139400
7721,3.6888794541139400
9558,3.6888794541139400
15221,3.6888794541139400
9923,3.6888794541139400
1272,3.6888794541139400
11680,3.6888794541139400
6503,3.6888794541139400
2315,3.6888794541139400
8909,3.6888794541139400
16904,3.6888794541139400
2414,3.6888794541139400
13137,3.6888794541139400
15803,3.6888794541139400
19707,3.6888794541139400
5143,3.6888794541139400
2177,3.6888794541139400
7749,3.6888794541139400
17382,3.6888794541139400
738,3.6888794541139400
6268,3.6888794541139400
11856,3.6888794541139400
17223,3.6888794541139400
10048,3.6888794541139400
385,3.6888794541139400
3263,3.6888794541139400
10519,3.6888794541139400
438,3.6888794541139400
7341,3.6888794541139400
3702,3.6888794541139400
9157,3.6888794541139400
4985,3.6888794541139400
14641,3.6888794541139400
19210,3.6888794541139400
16869,3.6888794541139400
10977,3.6888794541139400
11709,3.6888794541139400
6076,3.6888794541139400
5784,3.6888794541139400
16727,3.6888794541139400
8743,3.6888794541139400
6357,3.6888794541139400
13911,3.6888794541139400
15033,3.6888794541139400
5732,3.6888794541139400
7466,3.6888794541139400
10182,3.6888794541139400
11800,3.6888794541139400
14970,3.6888794541139400
221,3.6888794541139400
424,3.6888794541139400
2766,3.6888794541139400
19005,3.6888794541139400
18685,3.6888794541139400
16780,3.6888794541139400
828,3.6888794541139400
210,3.6888794541139400
7827,3.6888794541139400
17000,3.6888794541139400
9758,3.6888794541139400
8665,3.6888794541139400
7638,3.6888794541139400
2480,3.6888794541139400
6670,3.6888794541139400
8944,3.6888794541139400
9264,3.6888794541139400
4821,3.6888794541139400
8454,3.6888794541139400
16632,3.6888794541139400
2585,3.6888794541139400
15068,3.6888794541139400
15046,3.6888794541139400
4724,3.6888794541139400
5887,3.6888794541139400
6350,3.6888794541139400
1712,3.6888794541139400
10508,3.6888794541139400
17711,3.6888794541139400
14625,3.6888794541139400
115,3.6888794541139400
10496,3.6888794541139400
59,3.6888794541139400
10679,3.6888794541139400
12134,3.6888794541139400
5215,3.6888794541139400
10090,3.6888794541139400
8211,3.6888794541139400
12277,3.6888794541139400
8354,3.6888794541139400
9958,3.6888794541139400
17132,3.6888794541139400
6613,3.6888794541139400
8776,3.6888794541139400
5384,3.6888794541139400
2380,3.6888794541139400
8870,3.6888794541139400
12114,3.6888794541139400
18641,3.6888794541139400
13653,3.6888794541139400
13320,3.6888794541139400
8398,3.6888794541139400
16695,3.6888794541139400
12510,3.6888794541139400
7094,3.6888794541139400
1994,3.6888794541139400
3405,3.6888794541139400
2393,3.6888794541139400
1114,3.6888794541139400
17530,3.6888794541139400
9163,3.6888794541139400
4921,3.6888794541139400
4410,3.6888794541139400
2439,3.6888794541139400
12162,3.6888794541139400
14919,3.6888794541139400
17908,3.6888794541139400
16679,3.6888794541139400
7976,3.6888794541139400
11570,3.6888794541139400
8310,3.6888794541139400
5277,3.6888794541139400
1182,3.6888794541139400
4197,3.6888794541139400
3415,3.6888794541139400
10963,3.6888794541139400
18014,3.6888794541139400
7125,3.6888794541139400
5654,3.6888794541139400
8203,3.6888794541139400
2117,3.6888794541139400
19264,3.6888794541139400
200,3.6888794541139400
18618,3.6888794541139400
10743,3.6888794541139400
19731,3.6888794541139400
14452,3.6888794541139400
17782,3.6888794541139400
4165,3.6888794541139400
19031,3.6888794541139400
18202,3.6888794541139400
9995,3.6888794541139400
11617,3.6888794541139400
15355,3.6888794541139400
13748,3.6888794541139400
10585,3.6888794541139400
18144,3.6888794541139400
7403,3.6888794541139400
8565,3.6888794541139400
8481,3.6888794541139400
7840,3.6888794541139400
803,3.6888794541139400
16705,3.6888794541139400
9300,3.6888794541139400
2878,3.6888794541139400
11037,3.6888794541139400
9389,3.6888794541139400
2937,3.6888794541139400
16901,3.6888794541139400
10359,3.6888794541139400
6377,3.6888794541139400
3274,3.6888794541139400
19458,3.6888794541139400
10063,3.6888794541139400
17809,3.6888794541139400
2885,3.6888794541139400
8885,3.6888794541139400
1530,3.6888794541139400
9375,3.6888794541139400
10790,3.6888794541139400
5248,3.6888794541139400
2998,3.6888794541139400
6070,3.6888794541139400
15817,3.6888794541139400
3449,3.6888794541139400
10279,3.6888794541139400
3105,3.6888794541139400
3910,3.6888794541139400
12876,3.6888794541139400
1739,3.6888794541139400
7428,3.6888794541139400
8628,3.6888794541139400
16386,3.6888794541139400
6631,3.6888794541139400
7555,3.6888794541139400
9691,3.6888794541139400
8272,3.6888794541139400
11566,3.6888794541139400
14483,3.6888794541139400
11636,3.6888794541139400
16993,3.6888794541139400
2959,3.6888794541139400
13214,3.6888794541139400
6311,3.6888794541139400
7353,3.6888794541139400
18918,3.6888794541139400
8076,3.6888794541139400
19405,3.6888794541139400
2026,3.6888794541139400
12308,3.6888794541139400
10444,3.6888794541139400
3461,3.6888794541139400
13387,3.6888794541139400
16625,3.6888794541139400
14766,3.6888794541139400
13473,3.6888794541139400
19556,3.6888794541139400
19346,3.6888794541139400
16791,3.6888794541139400
5719,3.6888794541139400
14293,3.6888794541139400
16328,3.6888794541139400
9987,3.6888794541139400
10140,3.6888794541139400
8344,3.6888794541139400
14091,3.6888794541139400
2814,3.6888794541139400
16414,3.6888794541139400
15714,3.6888794541139400
5903,3.6888794541139400
15974,3.6888794541139400
9457,3.6888794541139400
4303,3.6888794541139400
5245,3.6888794541139400
14455,3.6888794541139400
16860,3.6888794541139400
7365,3.6888794541139400
5572,3.6888794541139400
13398,3.6888794541139400
5548,3.6888794541139400
16778,3.6888794541139400
18531,3.6888794541139400
10609,3.6888794541139400
7405,3.6888794541139400
8063,3.6888794541139400
5758,3.6888794541139400
14035,3.6888794541139400
8722,3.6888794541139400
10628,3.6888794541139400
9948,3.6888794541139400
8374,3.6888794541139400
1710,3.6888794541139400
6267,3.6888794541139400
11245,3.6888794541139400
9771,3.6888794541139400
8132,3.6888794541139400
8932,3.6888794541139400
8969,3.6888794541139400
18054,3.6888794541139400
17861,3.6888794541139400
15429,3.6888794541139400
14513,3.6888794541139400
4974,3.6888794541139400
11846,3.6888794541139400
6946,3.6888794541139400
8858,3.6888794541139400
1321,3.6888794541139400
18958,3.6888794541139400
6725,3.6888794541139400
3070,3.6888794541139400
11524,3.6888794541139400
5129,3.6888794541139400
19710,3.6888794541139400
14700,3.6888794541139400
17585,3.6888794541139400
1419,3.6888794541139400
15629,3.6888794541139400
257,3.6888794541139400
7085,3.6888794541139400
14827,3.6888794541139400
4745,3.6888794541139400
19292,3.6888794541139400
17004,3.6888794541139400
2408,3.6888794541139400
17381,3.6888794541139400
8248,3.6888794541139400
6442,3.6888794541139400
6237,3.6888794541139400
8195,3.6888794541139400
14222,3.6888794541139400
1396,3.6888794541139400
11213,3.6888794541139400
16924,3.6888794541139400
346,3.6888794541139400
6510,3.6888794541139400
17036,3.6888794541139400
7828,3.6888794541139400
5865,3.6888794541139400
15065,3.6888794541139400
4226,3.6888794541139400
14165,3.6888794541139400
7051,3.6888794541139400
13685,3.6888794541139400
8753,3.6888794541139400
10804,3.6888794541139400
15612,3.6888794541139400
1611,3.6888794541139400
15175,3.6888794541139400
1456,3.6888794541139400
5554,3.6888794541139400
2783,3.6888794541139400
10010,3.6888794541139400
11198,3.6888794541139400
17979,3.6888794541139400
16995,3.6888794541139400
10856,3.6888794541139400
11167,3.6888794541139400
4202,3.6888794541139400
3204,3.6888794541139400
1624,3.6888794541139400
15437,3.6888794541139400
103,3.6888794541139400
2859,3.6888794541139400
14045,3.6888794541139400
7702,3.6888794541139400
4338,3.6888794541139400
8523,3.6888794541139400
8764,3.6888794541139400
14709,3.6888794541139400
11836,3.6888794541139400
13219,3.6888794541139400
119,3.6888794541139400
2946,3.6888794541139400
7703,3.6888794541139400
7198,3.6888794541139400
3656,3.6888794541139400
13889,3.6888794541139400
18170,3.6888794541139400
14015,3.6888794541139400
1453,3.6888794541139400
5512,3.6888794541139400
18055,3.6888794541139400
3519,3.6888794541139400
10953,3.6888794541139400
19650,3.6888794541139400
12233,3.6888794541139400
3125,3.6888794541139400
1261,3.6888794541139400
3725,3.6888794541139400
6955,3.6888794541139400
57,3.6888794541139400
13636,3.6888794541139400
5915,3.6888794541139400
15716,3.6888794541139400
12056,3.6888794541139400
3295,3.6888794541139400
6734,3.6888794541139400
6602,3.6888794541139400
4510,3.6888794541139400
7321,3.6888794541139400
9988,3.6888794541139400
3821,3.6888794541139400
11677,3.6888794541139400
9380,3.6888794541139400
11127,3.6888794541139400
1444,3.6888794541139400
10629,3.6888794541139400
10419,3.6888794541139400
5211,3.6888794541139400
6935,3.6888794541139400
14479,3.6888794541139400
2616,3.6888794541139400
3559,3.6888794541139400
14507,3.6888794541139400
3366,3.6888794541139400
14320,3.6888794541139400
18152,3.6888794541139400
17002,3.6888794541139400
16162,3.6888794541139400
8781,3.6888794541139400
15793,3.6888794541139400
10911,3.6888794541139400
379,3.6888794541139400
12957,3.6888794541139400
17272,3.6888794541139400
8805,3.6888794541139400
12030,3.6888794541139400
5000,3.6888794541139400
14461,3.6888794541139400
13064,3.6888794541139400
17555,3.6888794541139400
15231,3.6888794541139400
18868,3.6888794541139400
6497,3.6888794541139400
2450,3.6888794541139400
5764,3.6888794541139400
2301,3.6888794541139400
13154,3.6888794541139400
7536,3.6888794541139400
1092,3.6888794541139400
17448,3.6888794541139400
5817,3.6888794541139400
14155,3.6888794541139400
7588,3.6888794541139400
1227,3.6888794541139400
17314,3.6888794541139400
18789,3.6888794541139400
4344,3.6888794541139400
10201,3.6888794541139400
3633,3.6888794541139400
6699,3.6888794541139400
15100,3.6888794541139400
12369,3.6888794541139400
12564,3.6888794541139400
2571,3.6888794541139400
12774,3.6888794541139400
15508,3.6888794541139400
4999,3.6888794541139400
3589,3.6888794541139400
10268,3.6888794541139400
17109,3.6888794541139400
7324,3.6888794541139400
8153,3.6888794541139400
17925,3.6888794541139400
5100,3.6888794541139400
251,3.6888794541139400
10525,3.6888794541139400
19387,3.6888794541139400
11361,3.6888794541139400
13073,3.6888794541139400
13755,3.6888794541139400
12204,3.6888794541139400
8233,3.6888794541139400
9618,3.6888794541139400
16698,3.6888794541139400
15880,3.6888794541139400
6385,3.6888794541139400
16539,3.6888794541139400
6888,3.6888794541139400
15311,3.6888794541139400
3947,3.6888794541139400
88,3.6888794541139400
18974,3.6888794541139400
7231,3.6888794541139400
17792,3.6888794541139400
8739,3.6888794541139400
11019,3.6888794541139400
4438,3.6888794541139400
4981,3.6888794541139400
1027,3.6888794541139400
15241,3.6888794541139400
4902,3.6888794541139400
8390,3.6888794541139400
8142,3.6888794541139400
18003,3.6888794541139400
13419,3.6888794541139400
14963,3.6888794541139400
9816,3.6888794541139400
9249,3.6888794541139400
18147,3.6888794541139400
10431,3.6888794541139400
6551,3.6888794541139400
10809,3.6888794541139400
7518,3.6888794541139400
12745,3.6888794541139400
9051,3.6888794541139400
11535,3.6888794541139400
13101,3.6888794541139400
10760,3.6888794541139400
11914,3.6888794541139400
3,3.6888794541139400
13784,3.6888794541139400
15602,3.6888794541139400
15925,3.6888794541139400
4265,3.6888794541139400
4525,3.6888794541139400
14228,3.6888794541139400
14672,3.6888794541139400
16078,3.6888794541139400
15143,3.6888794541139400
344,3.6888794541139400
10522,3.6888794541139400
4881,3.6888794541139400
8610,3.6888794541139400
4254,3.6888794541139400
6977,3.6888794541139400
2129,3.6888794541139400
5453,3.6888794541139400
6387,3.6888794541139400
15109,3.6888794541139400
3958,3.6888794541139400
10556,3.6888794541139400
3015,3.6888794541139400
19131,3.6888794541139400
12066,3.6888794541139400
17781,3.6888794541139400
15464,3.6888794541139400
18388,3.6888794541139400
7144,3.6888794541139400
42,3.6888794541139400
1162,3.6888794541139400
2214,3.6888794541139400
8262,3.6888794541139400
19112,3.6888794541139400
7814,3.6888794541139400
2195,3.6888794541139400
3120,3.6888794541139400
795,3.6888794541139400
6153,3.6888794541139400
3926,3.6888794541139400
12033,3.6888794541139400
6599,3.6888794541139400
15958,3.6888794541139400
1807,3.6888794541139400
10388,3.6888794541139400
14250,3.6888794541139400
18485,3.6888794541139400
14593,3.6888794541139400
5948,3.6888794541139400
18161,3.6888794541139400
4119,3.6888794541139400
13701,3.6888794541139400
4307,3.6888794541139400
13647,3.6888794541139400
2559,3.6888794541139400
12781,3.6888794541139400
14732,3.6888794541139400
2279,3.6888794541139400
5553,3.6888794541139400
46,3.6888794541139400
19565,3.6888794541139400
4936,3.6888794541139400
16344,3.6888794541139400
911,3.6888794541139400
18353,3.6888794541139400
14134,3.6888794541139400
12123,3.6888794541139400
4739,3.6888794541139400
1427,3.6888794541139400
7157,3.6888794541139400
8977,3.6888794541139400
2267,3.6888794541139400
980,3.6888794541139400
9571,3.6888794541139400
9778,3.6888794541139400
9936,3.6888794541139400
17245,3.6888794541139400
5028,3.6888794541139400
12307,3.6888794541139400
1527,3.912023005428150
15112,3.912023005428150
11647,3.912023005428150
17241,3.912023005428150
19013,3.912023005428150
11433,3.912023005428150
5023,3.912023005428150
9610,3.912023005428150
9084,3.912023005428150
13966,3.912023005428150
4475,3.912023005428150
351,3.912023005428150
1493,3.912023005428150
1905,3.912023005428150
12429,3.912023005428150
7442,3.912023005428150
8649,3.912023005428150
16763,3.912023005428150
9405,3.912023005428150
10454,3.912023005428150
12008,3.912023005428150
4622,3.912023005428150
11578,3.912023005428150
17428,3.912023005428150
5561,3.912023005428150
3649,3.912023005428150
18211,3.912023005428150
7276,3.912023005428150
1084,3.912023005428150
12160,3.912023005428150
4794,3.912023005428150
19477,3.912023005428150
17050,3.912023005428150
13583,3.912023005428150
5657,3.912023005428150
17458,3.912023005428150
12918,3.912023005428150
6126,3.912023005428150
2145,3.912023005428150
10943,3.912023005428150
14861,3.912023005428150
12644,3.912023005428150
6292,3.912023005428150
8164,3.912023005428150
5022,3.912023005428150
5348,3.912023005428150
708,3.912023005428150
7070,3.912023005428150
3752,3.912023005428150
9547,3.912023005428150
10159,3.912023005428150
13431,3.912023005428150
10802,3.912023005428150
688,3.912023005428150
9016,3.912023005428150
15216,3.912023005428150
15935,3.912023005428150
11325,3.912023005428150
8229,3.912023005428150
2805,3.912023005428150
8341,3.912023005428150
11967,3.912023005428150
14044,3.912023005428150
13497,3.912023005428150
14685,3.912023005428150
4128,3.912023005428150
7575,3.912023005428150
5483,3.912023005428150
7176,3.912023005428150
14431,3.912023005428150
4779,3.912023005428150
4279,3.912023005428150
19378,3.912023005428150
7745,3.912023005428150
5018,3.912023005428150
15376,3.912023005428150
16902,3.912023005428150
12938,3.912023005428150
11282,3.912023005428150
7722,3.912023005428150
16329,3.912023005428150
15299,3.912023005428150
10687,3.912023005428150
16231,3.912023005428150
7161,3.912023005428150
1512,3.912023005428150
17442,3.912023005428150
4189,3.912023005428150
16811,3.912023005428150
7306,3.912023005428150
4084,3.912023005428150
6824,3.912023005428150
6466,3.912023005428150
11399,3.912023005428150
11086,3.912023005428150
8057,3.912023005428150
8174,3.912023005428150
6506,3.912023005428150
11011,3.912023005428150
9705,3.912023005428150
15490,3.912023005428150
14986,3.912023005428150
15274,3.912023005428150
19453,3.912023005428150
16555,3.912023005428150
4168,3.912023005428150
8892,3.912023005428150
8607,3.912023005428150
4596,3.912023005428150
15579,3.912023005428150
1704,3.912023005428150
11152,3.912023005428150
2624,3.912023005428150
15050,3.912023005428150
9710,3.912023005428150
10107,3.912023005428150
11640,3.912023005428150
15424,3.912023005428150
2232,3.912023005428150
4072,3.912023005428150
10520,3.912023005428150
13717,3.912023005428150
5671,3.912023005428150
16552,3.912023005428150
1147,3.912023005428150
10862,3.912023005428150
12526,3.912023005428150
1554,3.912023005428150
18753,3.912023005428150
3643,3.912023005428150
14504,3.912023005428150
12518,3.912023005428150
12691,3.912023005428150
5605,3.912023005428150
18717,3.912023005428150
2392,3.912023005428150
12004,3.912023005428150
16801,3.912023005428150
18318,3.912023005428150
14545,3.912023005428150
2796,3.912023005428150
16717,3.912023005428150
4037,3.912023005428150
2127,3.912023005428150
13334,3.912023005428150
13054,3.912023005428150
11352,3.912023005428150
3315,3.912023005428150
8198,3.912023005428150
14807,3.912023005428150
13733,3.912023005428150
8968,3.912023005428150
7177,3.912023005428150
1911,3.912023005428150
17419,3.912023005428150
6346,3.912023005428150
9236,3.912023005428150
12073,3.912023005428150
9463,3.912023005428150
11131,3.912023005428150
8570,3.912023005428150
15999,3.912023005428150
16143,3.912023005428150
11453,3.912023005428150
11866,3.912023005428150
12535,3.912023005428150
7772,3.912023005428150
10863,3.912023005428150
11075,3.912023005428150
10477,3.912023005428150
16720,3.912023005428150
563,3.912023005428150
16923,3.912023005428150
8769,3.912023005428150
15015,3.912023005428150
13314,3.912023005428150
13707,3.912023005428150
10376,3.912023005428150
826,3.912023005428150
13457,3.912023005428150
8823,3.912023005428150
1346,3.912023005428150
290,3.912023005428150
4441,3.912023005428150
17745,3.912023005428150
13151,3.912023005428150
19575,3.912023005428150
2545,3.912023005428150
18593,3.912023005428150
4731,3.912023005428150
2483,3.912023005428150
12701,3.912023005428150
11121,3.912023005428150
10018,3.912023005428150
4456,3.912023005428150
17395,3.912023005428150
1901,3.912023005428150
1606,3.912023005428150
4848,3.912023005428150
14176,3.912023005428150
16261,3.912023005428150
19216,3.912023005428150
19340,3.912023005428150
6180,3.912023005428150
10612,3.912023005428150
19413,3.912023005428150
7826,3.912023005428150
16226,3.912023005428150
13589,3.912023005428150
13069,3.912023005428150
15150,3.912023005428150
4755,3.912023005428150
4115,3.912023005428150
8206,3.912023005428150
9924,3.912023005428150
3545,3.912023005428150
8136,3.912023005428150
17405,3.912023005428150
19100,3.912023005428150
16088,3.912023005428150
11924,3.912023005428150
8473,3.912023005428150
16600,3.912023005428150
16450,3.912023005428150
19068,3.912023005428150
5306,3.912023005428150
17817,3.912023005428150
1981,3.912023005428150
6707,3.912023005428150
12414,3.912023005428150
17516,3.912023005428150
19074,3.912023005428150
2247,3.912023005428150
8279,3.912023005428150
19399,4.605170185988090
5446,4.605170185988090
852,4.605170185988090
467,4.605170185988090
8256,4.605170185988090
19088,4.605170185988090
18000,4.605170185988090
19101,4.605170185988090
13896,4.605170185988090
736,4.605170185988090
11368,4.605170185988090
16737,4.605170185988090
2084,4.605170185988090
13241,4.605170185988090
1290,4.605170185988090
450,4.605170185988090
10946,4.605170185988090
7386,4.605170185988090
10294,4.605170185988090
10104,4.605170185988090
4024,4.605170185988090
1429,4.605170185988090
16643,4.605170185988090
12055,4.605170185988090
9708,4.605170185988090
1144,4.605170185988090
9004,4.605170185988090
17631,4.605170185988090
15863,4.605170185988090
4750,4.605170185988090
7541,4.605170185988090
3302,4.605170185988090
18547,4.605170185988090
7046,4.605170185988090
3965,4.605170185988090
16126,4.605170185988090
14710,4.605170185988090
15947,4.605170185988090
16595,4.605170185988090
7149,4.605170185988090
1123,4.605170185988090
4110,4.605170185988090
17677,4.605170185988090
16315,4.605170185988090
1522,4.605170185988090
2308,4.605170185988090
6874,4.605170185988090
5576,4.605170185988090
8059,4.605170185988090
11573,4.605170185988090
4914,4.605170185988090
17426,4.605170185988090
15322,4.605170185988090
35,4.605170185988090
15456,4.605170185988090
5219,4.605170185988090
19684,4.605170185988090
12246,4.605170185988090
18787,4.605170185988090
16099,4.605170185988090
8599,4.605170185988090
3376,4.605170185988090
9367,4.605170185988090
14363,4.605170185988090
12203,4.605170185988090
15391,4.605170185988090
323,4.605170185988090
5716,4.605170185988090
18482,4.605170185988090
11235,4.605170185988090
9798,4.605170185988090
5687,4.605170185988090
7290,4.605170185988090
13819,4.605170185988090
17894,4.605170185988090
4629,4.605170185988090
4463,4.605170185988090
5642,4.605170185988090
12715,4.605170185988090
6866,4.605170185988090
11051,4.605170185988090
9382,4.605170185988090
16808,4.605170185988090
5227,4.605170185988090
19138,4.605170185988090
16788,4.605170185988090
13205,4.605170185988090
13186,4.605170185988090
6056,4.605170185988090
15090,4.605170185988090
15290,4.605170185988090
9192,4.605170185988090
19037,4.605170185988090
17618,4.605170185988090
15284,4.605170185988090
2199,4.605170185988090
19154,4.605170185988090
8114,4.605170185988090
13071,4.605170185988090
16069,4.605170185988090
2312,4.605170185988090
7139,4.605170185988090
18373,4.605170185988090
18663,4.605170185988090
14720,4.605170185988090
5333,4.605170185988090
1535,4.605170185988090
3846,4.605170185988090
14034,4.605170185988090
5954,4.605170185988090
3143,4.605170185988090
10735,4.605170185988090
9776,4.605170185988090
3474,4.605170185988090
7484,4.605170185988090
15991,4.605170185988090
423,4.605170185988090
2065,4.605170185988090
9617,4.605170185988090
13940,4.605170185988090
19402,4.605170185988090
3265,4.605170185988090
3256,4.605170185988090
16870,4.605170185988090
13305,4.605170185988090
13259,4.605170185988090
4877,4.605170185988090
16097,4.605170185988090
9720,4.605170185988090
7897,4.605170185988090
6723,4.605170185988090
18599,4.605170185988090
4600,4.605170185988090
10650,4.605170185988090
16384,4.605170185988090
16781,4.605170185988090
16574,4.605170185988090
1355,4.605170185988090
7387,4.605170185988090
6659,4.605170185988090
17513,4.605170185988090
2641,4.605170185988090
15851,4.605170185988090
2265,4.605170185988090
15665,4.605170185988090
15662,4.605170185988090
2225,4.605170185988090
1978,4.605170185988090
6423,4.605170185988090
217,4.605170185988090
1443,4.605170185988090
15421,4.605170185988090
265,4.605170185988090
19002,4.605170185988090
17906,4.605170185988090
13570,4.605170185988090
10583,4.605170185988090
7582,4.605170185988090
13936,4.605170185988090
18505,4.605170185988090
7159,4.605170185988090
12273,4.605170185988090
14847,4.605170185988090
11044,4.605170185988090
2334,4.605170185988090
2174,4.605170185988090
12467,4.605170185988090
12786,4.605170185988090
14987,4.605170185988090
10007,4.605170185988090
10795,4.605170185988090
11545,4.605170185988090
12953,4.605170185988090
5331,4.605170185988090
13298,4.605170185988090
3062,4.605170185988090
14819,4.605170185988090
2119,4.605170185988090
3208,4.605170185988090
15559,4.605170185988090
2910,4.605170185988090
387,4.605170185988090
12736,4.605170185988090
4577,4.605170185988090
4032,4.605170185988090
1035,4.605170185988090
16592,4.605170185988090
11751,4.605170185988090
2111,4.605170185988090
11760,4.605170185988090
11191,4.605170185988090
4509,4.605170185988090
8046,4.605170185988090
1163,4.605170185988090
2740,4.605170185988090
3477,4.605170185988090
4031,4.605170185988090
5071,4.605170185988090
12093,4.605170185988090
2767,4.605170185988090
2678,4.605170185988090
8317,4.605170185988090
18860,4.605170185988090
11386,4.605170185988090
8829,4.605170185988090
14687,4.605170185988090
3481,4.605170185988090
16628,4.605170185988090
10158,4.605170185988090
9334,4.605170185988090
8268,4.605170185988090
17,4.605170185988090
12658,4.605170185988090
17730,4.605170185988090
1328,4.605170185988090
12009,4.605170185988090
705,4.605170185988090
278,4.605170185988090
13055,4.605170185988090
5970,4.605170185988090
11124,4.605170185988090
3585,4.605170185988090
18716,4.605170185988090
273,4.605170185988090
6831,4.605170185988090
16036,4.605170185988090
513,4.605170185988090
13963,4.605170185988090
2516,4.605170185988090
18796,4.605170185988090
11424,4.605170185988090
5046,4.605170185988090
16809,4.605170185988090
4630,4.605170185988090
8474,4.605170185988090
9384,4.605170185988090
13242,4.605170185988090
13243,4.605170185988090
3230,4.605170185988090
7881,4.605170185988090
7097,4.605170185988090
18633,4.605170185988090
9651,4.605170185988090
14019,4.605170185988090
4411,4.605170185988090
14169,4.605170185988090
17531,4.605170185988090
17722,4.605170185988090
3615,4.605170185988090
5474,4.605170185988090
9976,4.605170185988090
6459,4.605170185988090
16578,4.605170185988090
11544,4.605170185988090
8355,4.605170185988090
16037,4.605170185988090
5350,4.605170185988090
10447,4.605170185988090
17436,4.605170185988090
15410,4.605170185988090
8608,4.605170185988090
12287,4.605170185988090
7911,4.605170185988090
11025,4.605170185988090
9478,4.605170185988090
6690,4.605170185988090
3769,4.605170185988090
3921,4.605170185988090
1599,4.605170185988090
8766,4.605170185988090
19733,4.605170185988090
14146,4.605170185988090
10684,4.605170185988090
3018,4.605170185988090
12921,4.605170185988090
6424,4.605170185988090
1730,4.605170185988090
15455,4.605170185988090
4304,4.605170185988090
5199,4.605170185988090
13072,4.605170185988090
5971,4.605170185988090
9250,4.605170185988090
3269,4.605170185988090
4625,4.605170185988090
3233,4.605170185988090
13215,4.605170185988090
8241,4.605170185988090
18165,4.605170185988090
17754,4.605170185988090
9504,4.605170185988090
15875,4.605170185988090
6383,4.605170185988090
970,4.605170185988090
19568,4.605170185988090
1580,4.605170185988090
8559,4.605170185988090
11644,4.605170185988090
2578,4.605170185988090
14630,4.605170185988090
10777,4.605170185988090
5160,4.605170185988090
8952,4.605170185988090
16599,4.605170185988090
14812,4.605170185988090
18132,4.605170185988090
16213,4.605170185988090
17783,4.605170185988090
11492,4.605170185988090
10548,4.605170185988090
12007,4.605170185988090
2250,4.605170185988090
4400,4.605170185988090
11090,4.605170185988090
3189,4.605170185988090
10774,4.605170185988090
2503,4.605170185988090
17149,4.605170185988090
733,4.605170185988090
2797,4.605170185988090
16334,4.605170185988090
14515,4.605170185988090
18703,4.605170185988090
15014,4.605170185988090
4518,4.605170185988090
13540,4.605170185988090
8730,4.605170185988090
12061,4.605170185988090
8410,4.605170185988090
6427,4.605170185988090
10415,4.605170185988090
3668,4.605170185988090
5848,4.605170185988090
7615,4.605170185988090
15354,4.605170185988090
19421,4.605170185988090
12128,4.605170185988090
18057,4.605170185988090
7747,4.605170185988090
4738,4.605170185988090
15849,4.605170185988090
18277,4.605170185988090
10597,4.605170185988090
3000,4.605170185988090
15179,4.605170185988090
5702,4.605170185988090
17904,4.605170185988090
11791,4.605170185988090
12656,4.605170185988090
16326,4.605170185988090
18512,4.605170185988090
8426,4.605170185988090
2112,4.605170185988090
10902,4.605170185988090
7997,4.605170185988090
9809,4.605170185988090
10262,4.605170185988090
5900,4.605170185988090
7535,4.605170185988090
7488,4.605170185988090
3739,4.605170185988090
5748,4.605170185988090
4462,4.605170185988090
4258,4.605170185988090
16795,4.605170185988090
18963,4.605170185988090
3352,4.605170185988090
7015,4.605170185988090
12334,4.605170185988090
15094,4.605170185988090
13813,4.605170185988090
12305,4.605170185988090
19625,4.605170185988090
977,4.605170185988090
13928,4.605170185988090
15551,4.605170185988090
14402,4.605170185988090
651,4.605170185988090
14392,4.605170185988090
11696,4.605170185988090
19233,4.605170185988090
17236,4.605170185988090
3434,4.605170185988090
11417,4.605170185988090
2270,4.605170185988090
3068,4.605170185988090
17446,4.605170185988090
5259,4.605170185988090
4874,4.605170185988090
11099,4.605170185988090
16049,3.912023005428150
1288,3.912023005428150
6541,3.912023005428150
17037,3.912023005428150
5834,3.912023005428150
7981,3.912023005428150
17474,3.912023005428150
1815,3.912023005428150
13372,3.912023005428150
5426,3.912023005428150
14021,3.912023005428150
6399,3.912023005428150
2879,3.912023005428150
327,3.912023005428150
14533,3.912023005428150
15652,3.912023005428150
6600,3.912023005428150
5031,3.912023005428150
18341,3.912023005428150
1962,3.912023005428150
9737,3.912023005428150
13306,3.912023005428150
18655,3.912023005428150
12985,3.912023005428150
4449,3.912023005428150
1383,3.912023005428150
6525,3.912023005428150
13345,3.912023005428150
11032,3.912023005428150
3894,3.912023005428150
19143,3.912023005428150
7639,3.912023005428150
9450,3.912023005428150
3776,3.912023005428150
10031,3.912023005428150
16372,3.912023005428150
18992,3.912023005428150
16617,3.912023005428150
14927,3.912023005428150
8631,3.912023005428150
17960,3.912023005428150
169,3.912023005428150
18947,3.912023005428150
14656,3.912023005428150
19212,3.912023005428150
7712,3.912023005428150
10904,3.912023005428150
4972,3.912023005428150
12491,3.912023005428150
7473,3.912023005428150
6306,3.912023005428150
3617,3.912023005428150
12141,3.912023005428150
18370,3.912023005428150
6290,3.912023005428150
15501,3.912023005428150
16966,3.912023005428150
5852,3.912023005428150
10926,3.912023005428150
6422,3.912023005428150
3128,3.912023005428150
1768,3.912023005428150
18764,3.912023005428150
12303,3.912023005428150
14158,3.912023005428150
12442,3.912023005428150
5549,3.912023005428150
17183,3.912023005428150
11770,3.912023005428150
7439,3.912023005428150
13634,3.912023005428150
11724,3.912023005428150
19441,3.912023005428150
13603,3.912023005428150
16839,3.912023005428150
11858,3.912023005428150
2189,3.912023005428150
2743,3.912023005428150
7506,3.912023005428150
13285,3.912023005428150
2812,3.912023005428150
18735,3.912023005428150
3528,3.912023005428150
17804,3.912023005428150
6590,3.912023005428150
7775,3.912023005428150
14416,3.912023005428150
5183,3.912023005428150
3077,3.912023005428150
1397,3.912023005428150
6433,3.912023005428150
11244,3.912023005428150
6069,3.912023005428150
1006,3.912023005428150
9919,3.912023005428150
8319,3.912023005428150
2238,3.912023005428150
5502,3.912023005428150
4505,3.912023005428150
3508,3.912023005428150
5638,3.912023005428150
16026,3.912023005428150
11768,3.912023005428150
8421,3.912023005428150
4836,3.912023005428150
10505,3.912023005428150
7696,3.912023005428150
7472,3.912023005428150
18496,3.912023005428150
2864,3.912023005428150
13018,3.912023005428150
16417,3.912023005428150
447,3.912023005428150
18379,3.912023005428150
7553,3.912023005428150
5601,3.912023005428150
14880,3.912023005428150
18668,3.912023005428150
3011,3.912023005428150
14258,3.912023005428150
16178,3.912023005428150
12624,3.912023005428150
2008,3.912023005428150
10206,3.912023005428150
17710,3.912023005428150
13781,3.912023005428150
9683,3.912023005428150
10590,3.912023005428150
18521,3.912023005428150
10301,3.912023005428150
8658,3.912023005428150
11450,3.912023005428150
7267,3.912023005428150
2085,3.912023005428150
5282,3.912023005428150
2698,3.912023005428150
11746,3.912023005428150
15091,3.912023005428150
19034,3.912023005428150
17331,3.912023005428150
14936,3.912023005428150
7020,3.912023005428150
17666,3.912023005428150
3282,3.912023005428150
10219,3.912023005428150
11359,3.912023005428150
8993,3.912023005428150
3784,3.912023005428150
1747,3.912023005428150
7921,3.912023005428150
10961,3.912023005428150
15116,3.912023005428150
11622,3.912023005428150
8902,3.912023005428150
6627,3.912023005428150
14272,3.912023005428150
14181,3.912023005428150
10834,3.912023005428150
11681,3.912023005428150
6,3.912023005428150
695,3.912023005428150
19501,3.912023005428150
7671,3.912023005428150
1347,3.912023005428150
11148,3.912023005428150
12614,3.912023005428150
247,3.912023005428150
14888,3.912023005428150
16262,3.912023005428150
13190,3.912023005428150
11250,3.912023005428150
16085,3.912023005428150
4352,3.912023005428150
4170,3.912023005428150
4318,3.912023005428150
12753,3.912023005428150
18869,3.912023005428150
7752,3.912023005428150
5846,3.912023005428150
14235,3.912023005428150
6348,3.912023005428150
19476,3.912023005428150
1023,3.912023005428150
14977,3.912023005428150
6729,3.912023005428150
4401,3.912023005428150
18281,3.912023005428150
12022,3.912023005428150
6534,3.912023005428150
4520,3.912023005428150
9870,3.912023005428150
11043,3.912023005428150
12796,3.912023005428150
16058,3.912023005428150
17451,3.912023005428150
8196,3.912023005428150
16435,3.912023005428150
13410,3.912023005428150
18461,3.912023005428150
12447,3.912023005428150
13373,3.912023005428150
19653,3.912023005428150
12550,3.912023005428150
6444,3.912023005428150
11071,3.912023005428150
14386,3.912023005428150
8574,3.912023005428150
16467,3.912023005428150
10876,3.912023005428150
9624,3.912023005428150
9507,3.912023005428150
6544,3.912023005428150
9680,3.912023005428150
10175,3.912023005428150
7955,3.912023005428150
139,3.912023005428150
3165,3.912023005428150
5436,3.912023005428150
14242,3.912023005428150
8725,3.912023005428150
14655,3.912023005428150
3934,3.912023005428150
11103,3.912023005428150
558,3.912023005428150
16596,3.912023005428150
2626,3.912023005428150
18740,3.912023005428150
3843,3.912023005428150
19045,3.912023005428150
11982,3.912023005428150
13838,3.912023005428150
5174,3.912023005428150
10611,3.912023005428150
12628,3.912023005428150
6051,3.912023005428150
19619,3.912023005428150
15451,3.912023005428150
5922,3.912023005428150
137,3.912023005428150
4371,3.912023005428150
2020,3.912023005428150
2549,3.912023005428150
11820,3.912023005428150
19133,3.912023005428150
5332,3.912023005428150
12081,3.912023005428150
18771,3.912023005428150
7007,3.912023005428150
9387,4.499809670330270
14032,4.499809670330270
13651,4.499809670330270
17996,4.499809670330270
4954,4.499809670330270
5456,4.499809670330270
16570,4.499809670330270
18660,4.499809670330270
1705,4.499809670330270
7841,4.499809670330270
11959,4.499809670330270
18665,4.499809670330270
19132,4.499809670330270
14196,4.499809670330270
17505,4.499809670330270
1729,4.499809670330270
6095,4.499809670330270
16253,4.499809670330270
7988,4.499809670330270
9656,4.499809670330270
19574,4.499809670330270
7854,4.499809670330270
13080,4.499809670330270
11610,4.499809670330270
13677,4.499809670330270
16332,4.499809670330270
6846,4.499809670330270
7816,4.499809670330270
18201,4.499809670330270
2701,4.499809670330270
2677,4.499809670330270
5584,4.499809670330270
6132,4.499809670330270
9085,4.499809670330270
10392,4.499809670330270
6822,4.499809670330270
9003,4.499809670330270
12125,4.499809670330270
13290,4.499809670330270
10678,4.499809670330270
4842,4.499809670330270
6810,4.499809670330270
19656,4.499809670330270
3733,4.499809670330270
19030,4.499809670330270
1199,4.499809670330270
15420,4.499809670330270
12726,4.499809670330270
4007,4.499809670330270
7969,4.499809670330270
6926,4.499809670330270
4546,4.499809670330270
19374,4.499809670330270
715,4.499809670330270
7794,4.499809670330270
5751,4.499809670330270
12166,4.499809670330270
14640,4.499809670330270
361,4.499809670330270
2043,4.499809670330270
10705,4.499809670330270
6405,4.499809670330270
13084,4.499809670330270
13213,4.499809670330270
6243,4.499809670330270
19158,4.499809670330270
3111,4.499809670330270
9440,4.499809670330270
3686,4.499809670330270
4751,4.499809670330270
4074,4.499809670330270
14898,4.499809670330270
19661,4.499809670330270
6757,4.499809670330270
16834,4.499809670330270
12538,4.499809670330270
7914,4.499809670330270
13142,4.499809670330270
1157,4.499809670330270
6355,4.499809670330270
18647,4.499809670330270
3050,4.499809670330270
13075,4.499809670330270
12589,4.499809670330270
4286,4.499809670330270
14679,4.499809670330270
460,4.499809670330270
18537,4.499809670330270
19357,4.499809670330270
14420,4.499809670330270
18409,4.499809670330270
291,4.499809670330270
10300,4.499809670330270
10581,4.499809670330270
7113,4.499809670330270
13610,4.499809670330270
12916,4.499809670330270
10117,4.499809670330270
11805,4.499809670330270
7511,4.499809670330270
8966,4.499809670330270
9202,4.499809670330270
8784,4.499809670330270
4574,4.499809670330270
14722,4.499809670330270
10712,4.499809670330270
7554,4.499809670330270
3498,4.499809670330270
127,4.499809670330270
8377,4.499809670330270
5391,4.499809670330270
2386,4.499809670330270
9595,4.499809670330270
4325,4.499809670330270
12113,4.499809670330270
5826,4.499809670330270
18131,4.499809670330270
17358,4.499809670330270
13253,4.499809670330270
13153,4.499809670330270
2948,4.499809670330270
13047,4.499809670330270
8798,4.499809670330270
7613,4.499809670330270
15568,4.499809670330270
13925,4.499809670330270
3341,4.499809670330270
19029,4.499809670330270
8408,4.499809670330270
7510,4.499809670330270
7245,4.499809670330270
5459,4.499809670330270
8366,4.499809670330270
3511,4.499809670330270
7029,4.499809670330270
13049,4.499809670330270
230,4.499809670330270
7606,4.499809670330270
18456,4.499809670330270
6491,4.499809670330270
12929,4.499809670330270
12731,4.499809670330270
9893,4.499809670330270
3710,4.499809670330270
11229,4.499809670330270
9167,4.499809670330270
1087,4.499809670330270
10456,4.499809670330270
12730,4.499809670330270
10584,4.499809670330270
15705,4.499809670330270
6067,4.499809670330270
2579,4.499809670330270
621,4.499809670330270
4488,4.499809670330270
3971,4.499809670330270
4484,4.499809670330270
13019,4.499809670330270
8839,4.499809670330270
10479,4.499809670330270
12643,4.499809670330270
6685,4.499809670330270
1086,4.499809670330270
10925,4.499809670330270
11766,4.499809670330270
4413,4.499809670330270
2771,4.499809670330270
5503,4.499809670330270
17197,4.499809670330270
2388,4.499809670330270
5186,4.499809670330270
13724,4.499809670330270
4489,4.499809670330270
15962,4.499809670330270
2830,4.499809670330270
180,4.499809670330270
9273,4.499809670330270
8850,4.499809670330270
11179,4.499809670330270
10714,4.499809670330270
12505,4.499809670330270
7563,4.499809670330270
4941,4.499809670330270
17504,4.499809670330270
15801,4.499809670330270
15620,4.499809670330270
13251,4.499809670330270
16345,4.499809670330270
16544,4.499809670330270
6478,4.499809670330270
15666,4.499809670330270
11398,4.499809670330270
14895,4.499809670330270
18235,4.499809670330270
5665,4.499809670330270
17952,4.499809670330270
12400,4.499809670330270
16169,4.499809670330270
5937,4.499809670330270
4049,4.499809670330270
8470,4.499809670330270
12834,4.499809670330270
5514,4.499809670330270
17538,4.499809670330270
4847,4.499809670330270
16583,4.499809670330270
13133,4.499809670330270
15531,4.499809670330270
10132,4.499809670330270
6612,4.499809670330270
3623,4.499809670330270
5734,4.499809670330270
2140,4.499809670330270
18172,4.499809670330270
11249,4.499809670330270
11729,4.499809670330270
13195,4.499809670330270
14854,4.499809670330270
11753,4.499809670330270
11699,4.499809670330270
2298,4.499809670330270
16016,4.499809670330270
12482,4.499809670330270
1430,4.499809670330270
1957,4.499809670330270
13694,4.499809670330270
10349,4.499809670330270
4609,4.499809670330270
487,4.499809670330270
11551,4.499809670330270
7087,4.499809670330270
18687,4.499809670330270
17876,4.499809670330270
10366,4.499809670330270
12620,4.499809670330270
9701,4.499809670330270
14632,4.499809670330270
18400,4.499809670330270
3023,4.499809670330270
14658,4.499809670330270
12375,4.499809670330270
14582,4.499809670330270
5963,4.499809670330270
17673,4.499809670330270
16666,4.499809670330270
19618,4.499809670330270
13646,4.499809670330270
6369,4.499809670330270
9178,4.499809670330270
3207,4.499809670330270
15930,4.499809670330270
476,4.499809670330270
2512,4.499809670330270
10772,4.499809670330270
9165,4.499809670330270
13534,4.499809670330270
10676,4.499809670330270
1510,4.499809670330270
1020,4.499809670330270
6557,4.499809670330270
10356,4.499809670330270
12133,4.499809670330270
17168,4.499809670330270
19572,4.0943445622221
12606,4.0943445622221
11736,4.0943445622221
14494,4.0943445622221
6443,4.0943445622221
5382,4.0943445622221
3609,4.0943445622221
9530,4.0943445622221
16046,4.0943445622221
6118,4.0943445622221
18329,4.0943445622221
14946,4.0943445622221
6224,4.0943445622221
134,4.0943445622221
11584,4.0943445622221
11251,4.0943445622221
3704,4.0943445622221
7038,4.0943445622221
16066,4.0943445622221
16183,4.0943445622221
19473,4.0943445622221
7479,4.0943445622221
5610,4.0943445622221
2221,4.0943445622221
18228,4.0943445622221
8612,4.0943445622221
7628,4.0943445622221
485,4.0943445622221
17498,4.0943445622221
967,4.0943445622221
6068,4.0943445622221
5182,4.0943445622221
9194,4.0943445622221
18808,4.0943445622221
14931,4.0943445622221
11717,4.0943445622221
7402,4.0943445622221
18295,4.0943445622221
6066,4.0943445622221
12841,4.0943445622221
6143,4.0943445622221
14838,4.0943445622221
6173,4.0943445622221
3468,4.0943445622221
18454,4.0943445622221
3502,4.0943445622221
3948,4.0943445622221
10035,4.0943445622221
10242,4.0943445622221
18334,4.0943445622221
11140,4.0943445622221
9090,4.0943445622221
9320,4.0943445622221
14105,4.0943445622221
11068,4.0943445622221
3287,4.0943445622221
601,4.0943445622221
7180,4.0943445622221
18661,4.0943445622221
15877,4.0943445622221
4667,4.0943445622221
10421,4.0943445622221
9195,4.0943445622221
12639,4.0943445622221
7589,4.0943445622221
15637,4.0943445622221
2319,4.0943445622221
3425,4.0943445622221
18007,4.0943445622221
15661,4.0943445622221
16468,4.0943445622221
8309,4.0943445622221
16119,4.0943445622221
6936,4.0943445622221
7646,4.0943445622221
15297,4.0943445622221
2075,4.0943445622221
15320,4.0943445622221
17437,4.0943445622221
13855,4.0943445622221
2235,4.0943445622221
12642,4.0943445622221
4602,4.0943445622221
8161,4.0943445622221
10424,4.0943445622221
286,4.0943445622221
1323,4.0943445622221
4991,4.0943445622221
11841,4.0943445622221
9276,4.0943445622221
72,4.0943445622221
11817,4.0943445622221
410,4.0943445622221
7443,4.0943445622221
17046,4.0943445622221
8149,4.0943445622221
7201,4.0943445622221
17947,4.0943445622221
4337,4.0943445622221
5015,4.0943445622221
12840,4.0943445622221
11693,4.0943445622221
9722,4.0943445622221
15414,4.0943445622221
3532,4.0943445622221
8393,4.0943445622221
6137,4.0943445622221
5763,4.0943445622221
19353,4.0943445622221
6389,4.0943445622221
13814,4.0943445622221
2448,4.0943445622221
15529,4.0943445622221
15041,4.0943445622221
14636,4.0943445622221
16068,4.0943445622221
2405,4.0943445622221
1071,4.0943445622221
3323,4.0943445622221
7487,4.0943445622221
18084,4.0943445622221
17977,4.0943445622221
10881,4.0943445622221
11508,4.0943445622221
4472,4.0943445622221
10351,4.0943445622221
9138,4.0943445622221
3211,4.0943445622221
3200,4.0943445622221
19691,4.0943445622221
6956,4.0943445622221
7453,4.0943445622221
8295,4.0943445622221
15709,4.0943445622221
11231,4.0943445622221
4445,4.0943445622221
2856,4.0943445622221
1731,4.0943445622221
18382,4.0943445622221
11660,4.0943445622221
697,4.0943445622221
1005,4.0943445622221
13354,4.0943445622221
17067,4.0943445622221
16361,4.0943445622221
4930,4.0943445622221
12218,4.0943445622221
10302,4.0943445622221
16168,4.0943445622221
10404,4.0943445622221
16894,4.0943445622221
17157,4.0943445622221
4166,4.0943445622221
10044,4.0943445622221
10580,4.0943445622221
9119,4.0943445622221
15957,4.0943445622221
15174,4.0943445622221
3753,4.0943445622221
3537,4.0943445622221
10418,4.0943445622221
18264,4.0943445622221
13010,4.0943445622221
101,4.0943445622221
2988,4.0943445622221
14462,4.0943445622221
7092,4.0943445622221
8999,4.0943445622221
5678,4.0943445622221
4770,4.0943445622221
1664,4.0943445622221
4148,4.0943445622221
17393,4.0943445622221
1476,4.0943445622221
7061,4.0943445622221
16696,4.0943445622221
16708,4.0943445622221
635,4.0943445622221
817,4.0943445622221
4252,4.0943445622221
18195,4.0943445622221
3984,4.0943445622221
6769,4.0943445622221
18221,4.0943445622221
5106,4.0943445622221
707,4.0943445622221
11743,4.0943445622221
14499,4.0943445622221
9458,4.0943445622221
18040,4.0943445622221
5800,4.0943445622221
7528,4.0943445622221
836,4.0943445622221
16826,4.0943445622221
9411,4.0943445622221
14271,4.0943445622221
8443,4.0943445622221
14972,4.0943445622221
19693,4.0943445622221
12191,4.0943445622221
9750,4.0943445622221
6876,4.0943445622221
7802,4.0943445622221
1158,4.0943445622221
8124,4.0943445622221
3522,4.0943445622221
2534,4.0943445622221
11687,4.0943445622221
3707,4.0943445622221
123,4.0943445622221
1247,4.0943445622221
820,4.0943445622221
5908,4.0943445622221
18612,4.0943445622221
11351,4.0943445622221
6195,4.0943445622221
5381,4.0943445622221
13476,4.0943445622221
9451,4.0943445622221
10908,4.0943445622221
3115,4.0943445622221
7877,4.0943445622221
7049,4.0943445622221
15454,4.0943445622221
9226,4.0943445622221
8913,4.0943445622221
11698,4.0943445622221
2519,4.0943445622221
16318,4.0943445622221
963,4.0943445622221
18028,4.0943445622221
1959,4.0943445622221
7836,4.0943445622221
2554,4.0943445622221
16970,4.0943445622221
10272,4.0943445622221
10120,4.0943445622221
8483,4.0943445622221
9056,4.0943445622221
19404,4.0943445622221
4375,4.0943445622221
15173,4.0943445622221
8121,4.0943445622221
2152,4.0943445622221
8916,4.0943445622221
18305,4.0943445622221
927,4.0943445622221
8452,4.0943445622221
16469,4.0943445622221
8576,4.0943445622221
8797,4.0943445622221
11612,4.0943445622221
3489,4.0943445622221
12552,4.0943445622221
9050,4.0943445622221
17706,4.0943445622221
2361,4.0943445622221
14175,4.0943445622221
12331,4.0943445622221
18847,4.0943445622221
13208,4.0943445622221
16379,4.0943445622221
3222,4.0943445622221
15124,4.0943445622221
13999,4.0943445622221
18951,4.0943445622221
19097,4.0943445622221
16730,4.0943445622221
17917,4.0943445622221
13339,4.0943445622221
16522,4.0943445622221
8589,4.0943445622221
7003,4.0943445622221
18839,4.0943445622221
8373,4.0943445622221
9869,4.0943445622221
13708,4.0943445622221
19069,4.0943445622221
18242,4.0943445622221
14832,4.0943445622221
3595,4.0943445622221
3410,4.0943445622221
3482,4.0943445622221
4160,4.0943445622221
15572,4.0943445622221
19176,4.0943445622221
12537,4.0943445622221
5547,4.0943445622221
12202,4.0943445622221
18087,4.0943445622221
14835,4.0943445622221
12099,4.0943445622221
16856,4.0943445622221
9409,4.0943445622221
14825,4.0943445622221
7110,4.0943445622221
11438,4.0943445622221
15502,4.0943445622221
11292,4.0943445622221
1557,4.0943445622221
13315,4.0943445622221
7726,4.0943445622221
4572,4.0943445622221
7780,4.0943445622221
3479,4.605170185988090
6650,4.605170185988090
6526,4.605170185988090
9854,4.605170185988090
18833,4.605170185988090
13265,4.605170185988090
6918,4.605170185988090
15060,4.605170185988090
17539,4.605170185988090
4293,4.605170185988090
12960,4.605170185988090
8137,4.605170185988090
15475,4.605170185988090
11794,4.605170185988090
9477,4.605170185988090
1697,4.605170185988090
9442,4.605170185988090
10432,4.605170185988090
9210,4.605170185988090
4980,4.605170185988090
16520,4.605170185988090
5019,4.605170185988090
1066,4.605170185988090
2935,4.605170185988090
19518,4.605170185988090
12584,4.605170185988090
13103,4.605170185988090
735,4.605170185988090
16515,4.605170185988090
9616,4.605170185988090
2136,4.605170185988090
17812,4.605170185988090
18375,4.605170185988090
3964,4.605170185988090
2039,4.605170185988090
19366,4.605170185988090
2360,4.605170185988090
16588,4.605170185988090
7155,4.605170185988090
8698,4.605170185988090
4101,4.605170185988090
16195,4.605170185988090
10969,4.605170185988090
9459,4.605170185988090
18420,4.605170185988090
12395,4.605170185988090
8280,4.605170185988090
2622,4.605170185988090
4391,4.605170185988090
11665,4.605170185988090
19269,4.605170185988090
18684,4.605170185988090
12347,4.605170185988090
19025,4.605170185988090
14606,4.605170185988090
14117,4.605170185988090
19184,4.605170185988090
19506,4.605170185988090
7590,4.605170185988090
17878,4.605170185988090
9841,4.605170185988090
17360,4.605170185988090
8094,4.605170185988090
4935,4.605170185988090
11072,4.605170185988090
2046,4.605170185988090
17657,4.605170185988090
5885,4.605170185988090
17060,4.605170185988090
19654,4.605170185988090
15331,4.605170185988090
9419,4.605170185988090
17501,4.605170185988090
7580,4.605170185988090
11784,4.605170185988090
12692,4.605170185988090
19623,4.605170185988090
11243,4.605170185988090
8058,4.605170185988090
2703,4.605170185988090
9254,4.605170185988090
6186,4.605170185988090
16255,4.605170185988090
5099,4.605170185988090
19509,4.605170185988090
19272,4.605170185988090
19003,4.605170185988090
3820,4.605170185988090
8193,4.605170185988090
11920,4.605170185988090
1026,4.605170185988090
5112,4.605170185988090
18463,4.605170185988090
17691,4.605170185988090
16293,4.605170185988090
12988,4.605170185988090
18533,4.605170185988090
8513,4.605170185988090
3571,4.605170185988090
18308,4.605170185988090
14873,4.605170185988090
6880,4.605170185988090
5168,4.605170185988090
17025,4.605170185988090
15640,4.605170185988090
11038,4.605170185988090
18404,4.605170185988090
8871,4.605170185988090
16447,4.605170185988090
12519,4.605170185988090
10829,4.605170185988090
8109,4.605170185988090
8323,4.605170185988090
9773,4.605170185988090
1119,4.605170185988090
2290,4.605170185988090
8972,4.605170185988090
7344,4.605170185988090
14521,4.605170185988090
15977,4.605170185988090
2184,4.605170185988090
8774,4.605170185988090
9690,4.605170185988090
12086,4.605170185988090
3024,4.605170185988090
274,4.605170185988090
10193,4.605170185988090
1804,4.605170185988090
12882,4.605170185988090
17835,4.605170185988090
5207,4.605170185988090
16452,4.605170185988090
5647,4.605170185988090
4245,4.605170185988090
6661,4.605170185988090
16043,4.605170185988090
14254,4.605170185988090
9109,4.605170185988090
10560,4.605170185988090
16918,4.605170185988090
285,4.605170185988090
8958,4.605170185988090
8364,4.605170185988090
5268,4.605170185988090
12825,4.605170185988090
5849,4.605170185988090
8379,4.605170185988090
549,4.605170185988090
14772,4.605170185988090
19061,4.605170185988090
16814,4.605170185988090
6301,4.605170185988090
5195,4.605170185988090
8091,4.605170185988090
5566,4.605170185988090
6418,4.605170185988090
3002,4.605170185988090
14171,4.605170185988090
8865,4.605170185988090
10936,4.605170185988090
18689,4.605170185988090
10855,4.605170185988090
2067,4.605170185988090
13475,4.605170185988090
10289,4.605170185988090
8928,4.605170185988090
13739,4.605170185988090
2992,4.605170185988090
8689,4.605170185988090
4404,4.605170185988090
15019,4.605170185988090
11056,4.605170185988090
10129,4.605170185988090
13332,4.605170185988090
1358,4.605170185988090
5035,4.605170185988090
9542,4.605170185988090
6210,4.605170185988090
4580,4.605170185988090
2255,4.605170185988090
9376,4.605170185988090
8600,4.605170185988090
17637,4.605170185988090
17345,4.605170185988090
15903,4.605170185988090
10341,4.605170185988090
11098,4.605170185988090
18904,4.605170185988090
10935,4.605170185988090
15210,4.605170185988090
13197,4.605170185988090
19157,4.605170185988090
9498,4.605170185988090
2968,4.605170185988090
3298,4.605170185988090
14384,4.605170185988090
49,4.605170185988090
17775,4.605170185988090
10806,4.605170185988090
17757,4.605170185988090
17003,4.605170185988090
7724,4.605170185988090
7172,4.605170185988090
17681,4.605170185988090
1303,4.605170185988090
18739,4.605170185988090
4393,4.605170185988090
15772,4.605170185988090
12299,4.605170185988090
3608,4.605170185988090
9159,4.605170185988090
19420,4.605170185988090
15642,4.605170185988090
3429,4.605170185988090
426,4.605170185988090
12499,4.605170185988090
17753,4.605170185988090
11074,4.605170185988090
16529,4.605170185988090
10004,4.605170185988090
4828,4.605170185988090
12980,4.605170185988090
18430,4.605170185988090
3035,4.605170185988090
14070,4.605170185988090
10347,4.605170185988090
8908,4.605170185988090
18050,4.605170185988090
12443,4.605170185988090
6489,4.605170185988090
15780,4.605170185988090
18519,4.605170185988090
5923,4.605170185988090
14887,4.605170185988090
6064,4.605170185988090
3999,4.605170185988090
14569,4.605170185988090
401,4.605170185988090
16187,4.605170185988090
19474,4.605170185988090
2712,4.605170185988090
9682,4.605170185988090
7765,4.605170185988090
7014,4.605170185988090
9905,4.605170185988090
2826,4.605170185988090
3931,4.605170185988090
15030,4.605170185988090
1722,4.605170185988090
3778,4.605170185988090
4073,4.605170185988090
16158,4.605170185988090
11928,4.605170185988090
13991,4.605170185988090
6933,4.605170185988090
3912,4.605170185988090
15479,4.605170185988090
14775,4.605170185988090
8484,4.605170185988090
15898,4.605170185988090
12382,4.605170185988090
18632,4.605170185988090
14572,4.605170185988090
8994,4.605170185988090
9412,4.605170185988090
10115,4.605170185988090
19285,4.605170185988090
6909,4.605170185988090
3562,4.605170185988090
4442,4.605170185988090
11257,4.605170185988090
18038,4.605170185988090
608,4.605170185988090
11188,4.605170185988090
8407,4.605170185988090
19,4.605170185988090
15698,4.605170185988090
8477,4.605170185988090
19247,4.605170185988090
4097,4.605170185988090
16182,4.605170185988090
18937,4.605170185988090
9808,4.605170185988090
4448,4.605170185988090
7808,4.605170185988090
9059,4.605170185988090
16533,4.605170185988090
5762,4.605170185988090
11285,4.605170185988090
10098,4.605170185988090
12457,4.605170185988090
14774,4.605170185988090
4702,4.605170185988090
5587,4.605170185988090
11840,4.605170185988090
18205,4.605170185988090
9345,4.605170185988090
16134,4.605170185988090
3171,4.605170185988090
9398,4.605170185988090
16027,4.605170185988090
19335,4.605170185988090
5117,4.605170185988090
14529,4.605170185988090
12911,4.605170185988090
8013,4.605170185988090
14163,4.605170185988090
18995,4.605170185988090
17604,4.605170185988090
16146,4.605170185988090
7731,4.605170185988090
16937,4.605170185988090
1983,4.605170185988090
16221,4.605170185988090
18350,4.605170185988090
7261,4.605170185988090
4219,4.605170185988090
2748,4.605170185988090
4351,4.605170185988090
16750,4.605170185988090
657,4.605170185988090
12681,4.605170185988090
751,4.605170185988090
2081,4.605170185988090
11895,4.605170185988090
11822,4.605170185988090
14858,4.605170185988090
14934,4.605170185988090
843,4.605170185988090
6804,4.605170185988090
6920,4.605170185988090
13212,4.605170185988090
15574,4.605170185988090
18962,4.605170185988090
14234,4.605170185988090
5363,4.605170185988090
18892,4.605170185988090
10782,4.605170185988090
553,4.605170185988090
6867,4.605170185988090
3570,4.605170185988090
16065,4.605170185988090
576,4.605170185988090
12631,4.605170185988090
4194,4.605170185988090
14405,4.605170185988090
47,4.605170185988090
19293,4.605170185988090
13147,4.605170185988090
14906,3.912023005428150
3652,3.912023005428150
5250,3.912023005428150
1215,3.912023005428150
1944,3.912023005428150
16047,3.912023005428150
1450,3.912023005428150
16523,3.912023005428150
14457,3.912023005428150
15178,3.912023005428150
18498,3.912023005428150
2403,3.912023005428150
15059,3.912023005428150
7021,3.912023005428150
10154,3.912023005428150
15218,3.912023005428150
11416,3.912023005428150
19495,3.912023005428150
3277,3.912023005428150
8171,3.912023005428150
13218,3.912023005428150
18288,3.912023005428150
18993,3.912023005428150
17435,3.912023005428150
13725,3.912023005428150
10323,3.912023005428150
18094,3.912023005428150
14669,3.912023005428150
1213,3.912023005428150
18363,3.912023005428150
12725,3.912023005428150
19119,3.912023005428150
7559,3.912023005428150
12483,3.912023005428150
19610,3.912023005428150
17305,3.912023005428150
15680,3.912023005428150
744,3.912023005428150
9362,3.912023005428150
3529,3.912023005428150
17899,3.912023005428150
18853,3.912023005428150
4178,3.912023005428150
3242,3.912023005428150
12310,3.912023005428150
7738,3.912023005428150
15782,3.912023005428150
729,3.912023005428150
1640,3.912023005428150
15985,3.912023005428150
9679,3.912023005428150
10511,3.912023005428150
542,3.912023005428150
18256,3.912023005428150
10180,3.912023005428150
16098,3.912023005428150
10208,3.912023005428150
13597,3.912023005428150
16214,3.912023005428150
9239,3.912023005428150
19302,3.912023005428150
7134,3.912023005428150
18102,3.912023005428150
10019,3.912023005428150
1952,3.912023005428150
12511,3.912023005428150
13275,3.912023005428150
8292,3.912023005428150
7120,3.912023005428150
5449,3.912023005428150
11270,3.912023005428150
4028,3.912023005428150
13732,3.912023005428150
3525,3.912023005428150
16428,3.912023005428150
2078,3.912023005428150
3794,3.912023005428150
18358,3.912023005428150
12792,3.912023005428150
6545,3.912023005428150
19077,3.912023005428150
0,3.912023005428150
13799,3.912023005428150
4547,3.912023005428150
3682,3.912023005428150
7861,3.912023005428150
13847,3.912023005428150
9068,3.912023005428150
15287,3.912023005428150
6253,3.912023005428150
2066,3.912023005428150
15387,3.912023005428150
9185,3.912023005428150
2271,3.912023005428150
6916,3.912023005428150
6913,3.912023005428150
8891,3.912023005428150
11733,3.912023005428150
12295,3.912023005428150
5667,3.912023005428150
10675,3.912023005428150
12320,3.912023005428150
15645,3.912023005428150
6817,3.912023005428150
11346,3.912023005428150
4783,3.912023005428150
3922,3.912023005428150
18112,3.912023005428150
4013,3.912023005428150
18566,3.912023005428150
14435,3.912023005428150
6835,3.912023005428150
19371,3.912023005428150
3919,3.912023005428150
13005,3.912023005428150
10429,3.912023005428150
10156,3.912023005428150
3979,3.912023005428150
17252,3.912023005428150
7695,3.912023005428150
4730,3.912023005428150
4229,3.912023005428150
3335,3.912023005428150
10901,3.912023005428150
5438,3.912023005428150
15082,3.912023005428150
5714,3.912023005428150
7578,3.912023005428150
6868,3.912023005428150
9955,3.912023005428150
1175,3.912023005428150
6467,3.912023005428150
17815,3.912023005428150
8349,3.912023005428150
14200,3.912023005428150
10250,3.912023005428150
12493,3.912023005428150
10883,3.912023005428150
18693,3.912023005428150
8930,3.912023005428150
16432,3.912023005428150
13713,3.912023005428150
13845,3.912023005428150
19019,3.912023005428150
15806,3.912023005428150
15894,3.912023005428150
7152,3.912023005428150
14194,3.912023005428150
12711,3.912023005428150
6119,3.912023005428150
4590,3.912023005428150
1166,3.912023005428150
13381,3.912023005428150
3941,3.912023005428150
12783,3.912023005428150
9242,3.912023005428150
3353,3.912023005428150
17266,3.912023005428150
8406,3.912023005428150
1783,3.912023005428150
1413,3.912023005428150
1130,3.912023005428150
11979,3.912023005428150
8395,3.912023005428150
16877,3.912023005428150
9578,3.912023005428150
19593,3.912023005428150
3184,3.912023005428150
7744,3.912023005428150
4832,3.912023005428150
8509,3.912023005428150
14666,3.912023005428150
13574,3.912023005428150
18190,3.912023005428150
18312,3.912023005428150
4741,3.912023005428150
5304,3.912023005428150
6517,3.912023005428150
3887,3.912023005428150
3458,3.912023005428150
12439,3.912023005428150
12209,3.912023005428150
7800,3.912023005428150
16718,3.912023005428150
4771,3.912023005428150
14004,3.912023005428150
14817,3.912023005428150
12088,3.912023005428150
9875,3.912023005428150
15741,3.912023005428150
13753,3.912023005428150
3579,3.912023005428150
3375,3.912023005428150
14983,3.912023005428150
5805,3.912023005428150
14786,3.912023005428150
7660,3.912023005428150
17200,3.912023005428150
7885,3.912023005428150
12809,3.912023005428150
8253,3.912023005428150
6052,3.912023005428150
14844,3.912023005428150
7681,3.912023005428150
8350,3.912023005428150
15575,3.912023005428150
7760,3.912023005428150
19368,3.912023005428150
9742,3.912023005428150
13348,3.912023005428150
5927,3.912023005428150
17277,3.912023005428150
17768,3.912023005428150
3975,3.912023005428150
483,3.912023005428150
8813,3.912023005428150
1315,3.912023005428150
13093,3.912023005428150
18332,3.912023005428150
7438,3.912023005428150
8227,3.912023005428150
14535,3.912023005428150
9423,3.912023005428150
14759,3.912023005428150
19712,3.912023005428150
15619,3.912023005428150
2485,3.912023005428150
16825,3.912023005428150
11317,3.912023005428150
5345,3.912023005428150
907,3.912023005428150
1576,3.912023005428150
11786,3.912023005428150
5525,3.912023005428150
1339,3.912023005428150
6490,3.912023005428150
14110,3.912023005428150
11917,3.912023005428150
12461,3.912023005428150
18983,3.912023005428150
19027,3.912023005428150
1989,3.912023005428150
5337,3.912023005428150
6662,3.912023005428150
16551,3.912023005428150
9942,3.912023005428150
14354,3.912023005428150
8965,3.912023005428150
16274,3.912023005428150
121,3.912023005428150
2609,3.912023005428150
4909,3.912023005428150
18915,3.912023005428150
13092,3.912023005428150
5857,3.912023005428150
15248,3.912023005428150
7286,3.912023005428150
5701,3.912023005428150
7948,3.912023005428150
12257,3.912023005428150
3795,3.912023005428150
17211,3.912023005428150
15099,3.912023005428150
12758,3.912023005428150
4540,3.912023005428150
15919,3.912023005428150
12522,3.912023005428150
2540,3.912023005428150
10062,3.912023005428150
1270,3.912023005428150
5771,3.912023005428150
5034,3.912023005428150
1691,3.912023005428150
17116,3.912023005428150
9468,3.912023005428150
2727,3.912023005428150
9338,3.912023005428150
9626,3.912023005428150
13599,3.912023005428150
13246,3.912023005428150
2974,3.912023005428150
10880,3.912023005428150
16954,3.912023005428150
2045,3.912023005428150
18966,3.912023005428150
17349,3.912023005428150
13811,3.912023005428150
2736,3.912023005428150
17348,3.912023005428150
1208,3.912023005428150
15621,3.912023005428150
14761,3.912023005428150
17581,3.912023005428150
8147,3.912023005428150
8318,3.912023005428150
15110,3.912023005428150
18216,3.912023005428150
1090,3.912023005428150
8478,3.912023005428150
16773,3.912023005428150
10873,3.912023005428150
1533,3.912023005428150
13113,3.912023005428150
1411,3.912023005428150
15257,3.912023005428150
8030,3.912023005428150
13108,3.912023005428150
2614,3.912023005428150
17848,3.912023005428150
2546,3.912023005428150
8489,3.912023005428150
13801,3.912023005428150
4315,3.912023005428150
5026,3.912023005428150
2664,3.912023005428150
13934,3.912023005428150
8694,3.912023005428150
9780,3.912023005428150
8878,3.912023005428150
17747,3.912023005428150
15269,3.912023005428150
16436,3.912023005428150
6235,3.912023005428150
16857,3.912023005428150
10408,3.912023005428150
13266,3.912023005428150
6062,3.912023005428150
14368,3.912023005428150
13978,3.912023005428150
16549,3.912023005428150
2950,3.912023005428150
5217,3.912023005428150
1393,3.912023005428150
4816,3.912023005428150
19675,3.912023005428150
10369,3.912023005428150
13222,3.912023005428150
3014,3.912023005428150
14086,3.912023005428150
16409,3.912023005428150
13544,3.912023005428150
8862,3.912023005428150
10281,3.912023005428150
7916,3.912023005428150
12717,3.912023005428150
11471,3.912023005428150
1767,3.912023005428150
17099,3.912023005428150
13688,3.912023005428150
8951,3.912023005428150
10337,3.912023005428150
10166,3.912023005428150
8748,3.912023005428150
13375,3.912023005428150
5297,3.912023005428150
5652,3.912023005428150
16783,3.912023005428150
6409,3.912023005428150
19657,3.912023005428150
9970,3.912023005428150
6244,3.912023005428150
5888,3.912023005428150
18957,3.912023005428150
16461,3.912023005428150
12766,3.912023005428150
5535,3.912023005428150
18686,3.912023005428150
1002,3.912023005428150
1061,3.912023005428150
14426,3.912023005428150
14731,3.912023005428150
4618,3.912023005428150
10784,3.912023005428150
16794,3.912023005428150
8139,3.912023005428150
17001,3.912023005428150
13443,3.912023005428150
13273,3.912023005428150
3950,3.912023005428150
10498,3.912023005428150
3997,3.912023005428150
17669,3.912023005428150
18104,3.912023005428150
10455,3.912023005428150
4193,3.912023005428150
3844,3.912023005428150
2146,3.912023005428150
15989,3.912023005428150
17467,3.912023005428150
2662,3.912023005428150
16664,3.912023005428150
14375,3.912023005428150
4046,3.912023005428150
586,3.912023005428150
9827,3.912023005428150
17065,3.912023005428150
15799,3.912023005428150
2953,3.912023005428150
2266,3.912023005428150
14183,3.912023005428150
17180,3.912023005428150
16650,3.912023005428150
11321,3.912023005428150
6779,3.912023005428150
7395,3.912023005428150
9500,3.912023005428150
8541,3.912023005428150
9098,3.912023005428150
3578,3.912023005428150
15816,3.912023005428150
6814,3.912023005428150
4918,3.912023005428150
8726,3.912023005428150
3268,3.912023005428150
10924,3.912023005428150
8369,3.912023005428150
10247,3.912023005428150
4285,3.912023005428150
2638,3.912023005428150
17085,3.912023005428150
9402,3.912023005428150
5379,3.912023005428150
6593,3.912023005428150
8303,3.912023005428150
9238,3.912023005428150
8018,3.912023005428150
9646,3.912023005428150
12914,3.912023005428150
4132,3.912023005428150
16663,3.912023005428150
8629,3.912023005428150
2442,3.912023005428150
15917,3.912023005428150
12894,3.912023005428150
8403,3.912023005428150
14605,3.912023005428150
1570,3.912023005428150
1398,3.912023005428150
2281,3.912023005428150
11343,3.912023005428150
17974,3.912023005428150
7040,3.912023005428150
2021,3.912023005428150
14412,3.912023005428150
16903,3.912023005428150
3194,3.912023005428150
18346,3.912023005428150
15663,3.912023005428150
7655,3.912023005428150
5290,3.912023005428150
16498,3.912023005428150
2002,3.912023005428150
18425,3.912023005428150
7138,3.912023005428150
15039,3.912023005428150
2305,3.912023005428150
17092,3.912023005428150
7912,3.912023005428150
902,3.912023005428150
6733,3.912023005428150
181,3.912023005428150
1063,3.912023005428150
16919,3.912023005428150
19188,3.912023005428150
13295,3.912023005428150
1853,3.912023005428150
4672,3.912023005428150
7603,3.912023005428150
4527,3.912023005428150
14944,3.912023005428150
9534,3.912023005428150
11132,3.912023005428150
13866,3.912023005428150
4010,3.912023005428150
15035,3.912023005428150
6462,3.912023005428150
7661,3.912023005428150
17945,3.912023005428150
1926,3.912023005428150
14585,3.912023005428150
19658,3.912023005428150
4824,3.912023005428150
9162,3.912023005428150
19606,3.912023005428150
50,3.912023005428150
5431,3.912023005428150
15597,3.912023005428150
2497,3.912023005428150
14037,3.912023005428150
13292,3.912023005428150
6848,3.912023005428150
11522,3.912023005428150
11615,3.912023005428150
2458,3.912023005428150
14601,3.912023005428150
19671,3.912023005428150
10052,3.912023005428150
14785,3.912023005428150
3210,3.912023005428150
5226,3.912023005428150
17256,3.912023005428150
16703,3.912023005428150
7803,3.912023005428150
11341,3.912023005428150
14796,3.912023005428150
4104,3.912023005428150
9849,3.912023005428150
6987,3.912023005428150
6607,3.912023005428150
13077,3.912023005428150
1097,3.912023005428150
18617,3.912023005428150
8122,3.912023005428150
10865,3.912023005428150
14447,3.912023005428150
15029,3.912023005428150
5632,3.912023005428150
205,3.912023005428150
3213,3.912023005428150
5359,3.912023005428150
10753,3.912023005428150
2086,3.912023005428150
3248,3.912023005428150
16694,3.912023005428150
14312,3.912023005428150
15706,3.912023005428150
13786,3.912023005428150
5352,3.912023005428150
16634,3.912023005428150
3486,3.912023005428150
10662,3.912023005428150
6954,3.912023005428150
13552,3.912023005428150
431,3.912023005428150
2533,3.912023005428150
2202,3.912023005428150
1572,3.912023005428150
15544,3.912023005428150
16071,3.912023005428150
3393,3.912023005428150
1277,3.912023005428150
17830,3.912023005428150
10097,3.912023005428150
8588,3.912023005428150
18250,3.912023005428150
4048,3.912023005428150
13199,3.912023005428150
18587,3.912023005428150
9432,3.912023005428150
14735,3.912023005428150
12085,3.912023005428150
4450,3.912023005428150
19390,3.912023005428150
1372,3.912023005428150
884,3.912023005428150
6181,3.912023005428150
1039,3.912023005428150
13905,3.912023005428150
1470,3.912023005428150
11804,3.912023005428150
293,3.912023005428150
2445,3.912023005428150
12196,3.912023005428150
6098,3.912023005428150
16056,3.912023005428150
6315,3.912023005428150
18301,3.912023005428150
17647,3.912023005428150
4688,3.912023005428150
2095,3.912023005428150
18020,3.912023005428150
18534,3.912023005428150
1194,3.912023005428150
2636,3.912023005428150
1010,3.912023005428150
4564,3.912023005428150
19706,5.480638923341990
17561,5.480638923341990
8674,5.480638923341990
18059,5.480638923341990
16431,5.480638923341990
14549,5.480638923341990
17791,5.480638923341990
6329,5.480638923341990
11316,5.480638923341990
900,5.480638923341990
6108,5.480638923341990
934,5.480638923341990
4058,5.480638923341990
19141,5.480638923341990
19564,5.480638923341990
5252,5.480638923341990
18099,5.480638923341990
1343,5.480638923341990
8679,5.480638923341990
359,5.480638923341990
5597,5.480638923341990
18156,5.480638923341990
11903,5.480638923341990
959,5.480638923341990
7215,5.480638923341990
1148,5.480638923341990
2954,5.480638923341990
18872,5.480638923341990
2051,5.480638923341990
6687,5.480638923341990
2054,5.480638923341990
19380,5.480638923341990
2501,5.480638923341990
13376,5.480638923341990
9717,5.480638923341990
9660,5.480638923341990
13106,5.480638923341990
4201,5.480638923341990
2323,5.480638923341990
17128,5.480638923341990
9796,5.480638923341990
14061,5.480638923341990
16327,5.480638923341990
17406,5.480638923341990
3156,5.480638923341990
668,5.480638923341990
15539,5.480638923341990
19103,5.480638923341990
4639,5.480638923341990
4788,5.480638923341990
9392,5.480638923341990
17933,5.480638923341990
6407,5.480638923341990
13271,5.480638923341990
7375,5.480638923341990
4496,5.480638923341990
15367,5.480638923341990
10029,5.480638923341990
10614,5.480638923341990
13663,5.480638923341990
19701,5.480638923341990
8883,5.480638923341990
17155,5.480638923341990
19108,5.480638923341990
4153,5.480638923341990
9531,5.480638923341990
12396,5.480638923341990
6775,5.480638923341990
7626,5.480638923341990
19306,5.480638923341990
16030,5.480638923341990
1056,5.480638923341990
18563,5.480638923341990
7202,5.480638923341990
9390,5.480638923341990
2394,5.480638923341990
12401,5.480638923341990
16103,5.480638923341990
11358,5.480638923341990
13821,5.480638923341990
16550,5.480638923341990
19683,5.480638923341990
12326,5.480638923341990
12536,5.480638923341990
5472,5.480638923341990
11616,5.480638923341990
14206,5.480638923341990
2157,5.480638923341990
13744,5.480638923341990
10385,5.480638923341990
13779,5.480638923341990
14302,5.480638923341990
15220,5.480638923341990
8492,5.480638923341990
9755,5.480638923341990
18523,5.480638923341990
2746,5.480638923341990
7662,5.480638923341990
102,5.480638923341990
3848,5.480638923341990
1661,5.480638923341990
11419,5.480638923341990
2684,5.480638923341990
14193,5.480638923341990
7247,5.480638923341990
19461,5.480638923341990
15631,5.480638923341990
6266,5.480638923341990
1694,5.480638923341990
3993,5.480638923341990
1065,5.480638923341990
6246,5.480638923341990
13525,5.480638923341990
5980,5.480638923341990
9058,5.480638923341990
14657,5.480638923341990
4978,5.480638923341990
12094,5.480638923341990
8352,5.480638923341990
720,5.480638923341990
3503,5.480638923341990
34,5.480638923341990
11511,5.480638923341990
12831,5.480638923341990
2358,5.480638923341990
9981,5.480638923341990
14770,5.480638923341990
16851,5.480638923341990
17075,5.480638923341990
2608,5.480638923341990
5928,5.480638923341990
937,5.480638923341990
396,5.480638923341990
12687,5.480638923341990
14324,5.480638923341990
5385,5.480638923341990
8729,5.480638923341990
2134,5.480638923341990
18056,5.480638923341990
11976,5.480638923341990
10845,5.480638923341990
6714,5.480638923341990
15164,5.480638923341990
17235,5.480638923341990
9620,5.480638923341990
3119,5.480638923341990
13367,5.480638923341990
4982,5.480638923341990
1210,5.480638923341990
3635,5.480638923341990
17035,5.480638923341990
3485,5.480638923341990
1085,5.480638923341990
3699,5.480638923341990
11057,5.480638923341990
13885,5.480638923341990
6015,5.480638923341990
8931,5.480638923341990
9999,5.480638923341990
17352,5.480638923341990
17366,5.480638923341990
3507,5.480638923341990
15591,5.480638923341990
16022,5.480638923341990
5267,5.480638923341990
3379,5.480638923341990
2635,5.480638923341990
10989,5.480638923341990
1458,5.480638923341990
9723,5.480638923341990
1318,5.480638923341990
1769,5.480638923341990
3472,5.480638923341990
10016,5.480638923341990
5658,5.480638923341990
2583,5.480638923341990
3334,5.480638923341990
10835,5.480638923341990
14278,5.480638923341990
1475,5.480638923341990
130,5.480638923341990
8165,5.480638923341990
5418,5.480638923341990
7649,5.480638923341990
8732,5.480638923341990
12836,5.480638923341990
2751,5.480638923341990
15442,5.480638923341990
10499,5.480638923341990
13595,5.480638923341990
17603,5.480638923341990
1825,5.480638923341990
13830,5.480638923341990
339,5.480638923341990
6705,5.480638923341990
7668,5.480638923341990
16598,5.480638923341990
18649,5.480638923341990
8825,5.480638923341990
7683,5.480638923341990
6472,5.480638923341990
4045,5.480638923341990
3588,5.480638923341990
2216,5.480638923341990
13000,5.480638923341990
2995,5.480638923341990
13088,5.480638923341990
17689,5.480638923341990
4742,5.480638923341990
16073,5.480638923341990
11194,5.480638923341990
12922,5.480638923341990
5996,5.480638923341990
13600,5.480638923341990
8251,5.480638923341990
15550,5.480638923341990
9360,5.480638923341990
655,5.480638923341990
14470,5.480638923341990
15024,5.480638923341990
2589,5.480638923341990
15690,5.480638923341990
5194,5.480638923341990
19332,5.480638923341990
3350,5.480638923341990
4680,5.480638923341990
3223,5.480638923341990
18917,5.480638923341990
4186,5.480638923341990
11756,5.480638923341990
16972,5.480638923341990
13611,5.480638923341990
449,5.480638923341990
14133,5.480638923341990
15342,5.480638923341990
11114,5.480638923341990
9881,5.480638923341990
9198,5.480638923341990
10792,5.480638923341990
19215,5.480638923341990
17557,5.480638923341990
5468,5.480638923341990
535,5.480638923341990
6463,5.480638923341990
8035,5.480638923341990
5115,5.480638923341990
8651,5.480638923341990
2425,5.480638923341990
1836,5.480638923341990
16258,5.480638923341990
4461,5.480638923341990
14159,5.480638923341990
7182,5.480638923341990
7913,5.480638923341990
7654,5.480638923341990
2680,5.480638923341990
14634,5.480638923341990
11872,5.480638923341990
8331,5.480638923341990
1038,5.480638923341990
11488,5.480638923341990
8735,5.480638923341990
7026,5.480638923341990
17740,5.480638923341990
11484,5.480638923341990
1870,5.480638923341990
12810,5.480638923341990
6532,5.480638923341990
8709,5.480638923341990
14332,5.480638923341990
12252,5.480638923341990
17268,5.480638923341990
1688,5.480638923341990
17886,5.480638923341990
6161,5.480638923341990
8956,5.480638923341990
196,5.480638923341990
518,5.480638923341990
4387,5.480638923341990
16228,5.480638923341990
10393,5.480638923341990
841,5.480638923341990
7495,5.480638923341990
7348,5.480638923341990
17701,5.480638923341990
19682,5.480638923341990
7316,5.480638923341990
7672,5.480638923341990
4819,5.480638923341990
7895,5.480638923341990
6091,5.480638923341990
6698,5.480638923341990
17558,5.480638923341990
454,5.480638923341990
17590,5.480638923341990
17983,5.480638923341990
2862,5.480638923341990
12530,5.480638923341990
13445,5.480638923341990
182,5.480638923341990
15212,5.480638923341990
15430,5.480638923341990
11799,5.480638923341990
2522,5.480638923341990
15843,5.480638923341990
4691,5.480638923341990
14627,5.480638923341990
19189,5.480638923341990
99,5.480638923341990
12927,5.480638923341990
19526,5.480638923341990
8538,5.480638923341990
4743,5.480638923341990
17269,5.480638923341990
7369,5.480638923341990
8935,5.480638923341990
14620,5.480638923341990
14776,5.480638923341990
1707,5.480638923341990
254,5.480638923341990
11498,5.480638923341990
1302,5.480638923341990
11076,5.480638923341990
17503,5.480638923341990
11119,5.480638923341990
10984,5.480638923341990
14339,5.480638923341990
16419,5.480638923341990
19151,5.480638923341990
16342,5.480638923341990
16670,5.480638923341990
933,5.480638923341990
3721,5.480638923341990
8830,5.480638923341990
14304,5.480638923341990
4034,5.480638923341990
2518,5.480638923341990
14517,5.480638923341990
1373,5.480638923341990
3836,5.480638923341990
7268,5.480638923341990
5894,5.480638923341990
2009,5.480638923341990
12187,5.480638923341990
5653,5.480638923341990
10780,5.480638923341990
6451,5.480638923341990
6248,5.480638923341990
16276,5.480638923341990
4291,5.480638923341990
2874,5.480638923341990
6958,5.480638923341990
8097,5.480638923341990
1037,5.480638923341990
19007,5.480638923341990
2704,5.480638923341990
13842,5.480638923341990
18894,5.480638923341990
9340,5.480638923341990
13959,5.480638923341990
6601,5.480638923341990
6211,5.480638923341990
7449,5.480638923341990
6298,5.480638923341990
2848,5.480638923341990
11354,5.480638923341990
4205,5.480638923341990
9391,5.480638923341990
12131,5.480638923341990
13887,5.480638923341990
10325,5.480638923341990
9666,5.480638923341990
19590,5.480638923341990
7958,5.480638923341990
9357,5.480638923341990
8019,5.480638923341990
6006,5.480638923341990
2457,5.480638923341990
15594,5.480638923341990
6138,5.480638923341990
8818,5.480638923341990
2697,5.480638923341990
8031,5.480638923341990
8821,5.480638923341990
10443,5.480638923341990
2351,5.480638923341990
6484,5.480638923341990
18313,5.480638923341990
14705,5.480638923341990
15498,5.480638923341990
8692,5.480638923341990
10527,5.480638923341990
6930,5.480638923341990
11293,5.480638923341990
18969,5.480638923341990
11176,5.480638923341990
14780,5.480638923341990
12754,5.480638923341990
6141,5.480638923341990
664,5.480638923341990
5564,5.480638923341990
17280,5.480638923341990
11465,5.480638923341990
4880,5.480638923341990
16861,5.480638923341990
17006,5.480638923341990
6863,5.480638923341990
19475,5.480638923341990
5709,5.480638923341990
11518,5.480638923341990
11662,5.480638923341990
6624,5.480638923341990
10220,5.480638923341990
18487,5.480638923341990
1333,5.480638923341990
15086,5.480638923341990
13263,5.480638923341990
2752,5.480638923341990
15802,5.480638923341990
9140,5.480638923341990
1984,5.480638923341990
18803,5.480638923341990
2435,5.480638923341990
9415,5.480638923341990
812,5.480638923341990
7596,5.480638923341990
10274,5.480638923341990
19125,5.480638923341990
4949,5.480638923341990
15250,5.480638923341990
6879,5.480638923341990
6402,5.480638923341990
6011,5.480638923341990
3669,5.480638923341990
7720,5.480638923341990
13698,5.480638923341990
1280,5.480638923341990
17103,5.480638923341990
12060,5.480638923341990
2981,5.480638923341990
12314,5.480638923341990
16375,5.480638923341990
6844,5.480638923341990
5020,5.480638923341990
2813,5.480638923341990
7077,4.700480365792420
536,4.700480365792420
4021,4.700480365792420
12399,4.700480365792420
18542,4.700480365792420
14982,4.700480365792420
259,4.700480365792420
17378,4.700480365792420
16145,4.700480365792420
14255,4.700480365792420
6072,4.700480365792420
8145,4.700480365792420
7408,4.700480365792420
12788,4.700480365792420
2003,4.700480365792420
14864,4.700480365792420
17574,4.700480365792420
4896,4.700480365792420
17670,4.700480365792420
640,4.700480365792420
617,4.700480365792420
474,4.700480365792420
1310,4.700480365792420
5377,4.700480365792420
18033,4.700480365792420
14006,4.700480365792420
8886,4.700480365792420
7019,4.700480365792420
18204,4.700480365792420
3251,4.700480365792420
16297,4.700480365792420
16279,4.700480365792420
3394,4.700480365792420
3547,4.700480365792420
19311,4.700480365792420
13764,4.700480365792420
9443,4.700480365792420
14619,4.700480365792420
15940,4.700480365792420
993,4.700480365792420
9055,4.700480365792420
11900,4.700480365792420
7285,4.700480365792420
3168,4.700480365792420
11720,4.700480365792420
1866,4.700480365792420
4807,4.700480365792420
16687,4.700480365792420
9826,4.700480365792420
18398,4.700480365792420
7919,4.700480365792420
18616,4.700480365792420
15831,4.700480365792420
12565,4.700480365792420
1121,4.700480365792420
2656,4.700480365792420
3478,4.700480365792420
5787,4.700480365792420
19480,4.700480365792420
10221,4.700480365792420
5466,4.700480365792420
12119,4.700480365792420
13301,4.700480365792420
16594,4.700480365792420
17372,4.700480365792420
5925,4.700480365792420
12325,4.700480365792420
10331,4.700480365792420
19722,4.700480365792420
3526,4.700480365792420
16455,4.700480365792420
1698,4.700480365792420
1835,4.700480365792420
5083,4.700480365792420
14084,4.700480365792420
18217,4.700480365792420
15062,4.700480365792420
12870,4.700480365792420
15726,4.700480365792420
1042,4.700480365792420
9060,4.700480365792420
3100,4.700480365792420
982,4.700480365792420
4871,4.700480365792420
11847,4.700480365792420
3852,4.700480365792420
17932,4.700480365792420
4140,4.700480365792420
17594,4.700480365792420
10470,4.700480365792420
11719,4.700480365792420
1433,4.700480365792420
16110,4.700480365792420
11654,4.700480365792420
5090,4.700480365792420
10513,4.700480365792420
14747,4.700480365792420
18912,4.700480365792420
377,4.700480365792420
357,4.700480365792420
12285,4.700480365792420
12343,4.700480365792420
10810,4.700480365792420
12950,4.700480365792420
18244,4.700480365792420
9153,4.700480365792420
19167,4.700480365792420
6959,4.700480365792420
1441,4.700480365792420
12215,4.700480365792420
11274,4.700480365792420
17056,4.700480365792420
8981,4.700480365792420
18754,4.700480365792420
6193,4.700480365792420
16505,4.700480365792420
2234,4.700480365792420
15074,4.700480365792420
13091,4.700480365792420
1713,4.700480365792420
6114,4.700480365792420
18867,4.700480365792420
18063,4.700480365792420
9767,4.700480365792420
10091,4.700480365792420
3048,4.700480365792420
2252,4.700480365792420
1968,4.700480365792420
1805,4.700480365792420
9853,4.700480365792420
11816,4.700480365792420
4519,4.700480365792420
7792,4.700480365792420
8657,4.700480365792420
3886,4.700480365792420
8380,4.700480365792420
13169,4.700480365792420
7922,4.700480365792420
5170,4.700480365792420
7078,4.700480365792420
8008,4.700480365792420
10078,4.700480365792420
8854,4.700480365792420
12890,4.700480365792420
2718,4.700480365792420
11659,4.700480365792420
9839,4.700480365792420
2958,4.700480365792420
1256,4.700480365792420
2420,4.700480365792420
18042,4.700480365792420
17188,4.700480365792420
2640,4.700480365792420
222,4.700480365792420
6891,4.700480365792420
14841,4.700480365792420
3572,4.700480365792420
16949,4.700480365792420
2652,4.700480365792420
16930,4.700480365792420
13529,4.700480365792420
5723,4.700480365792420
4149,4.700480365792420
18907,4.700480365792420
12124,4.700480365792420
17063,4.700480365792420
1336,4.700480365792420
1402,4.700480365792420
113,4.700480365792420
8922,4.700480365792420
7907,4.700480365792420
10502,4.700480365792420
13260,4.700480365792420
17261,4.700480365792420
6669,4.700480365792420
4281,4.700480365792420
14971,4.700480365792420
6492,4.700480365792420
4156,4.700480365792420
11628,4.700480365792420
9293,4.700480365792420
17283,4.700480365792420
8678,4.700480365792420
11155,4.700480365792420
12762,4.700480365792420
31,4.700480365792420
11058,4.700480365792420
15281,4.700480365792420
953,4.700480365792420
4069,4.700480365792420
17369,4.700480365792420
8827,4.700480365792420
11195,4.700480365792420
14393,4.700480365792420
2556,4.700480365792420
380,4.700480365792420
4966,4.700480365792420
15018,4.700480365792420
13274,4.700480365792420
15949,4.700480365792420
8043,4.700480365792420
10819,4.700480365792420
6896,4.700480365792420
4333,4.700480365792420
135,4.700480365792420
8425,4.700480365792420
8796,4.700480365792420
8771,4.700480365792420
411,4.700480365792420
10666,4.700480365792420
5833,4.700480365792420
1489,4.700480365792420
7608,4.700480365792420
13369,4.700480365792420
14342,4.700480365792420
18429,4.700480365792420
19256,4.700480365792420
16479,4.700480365792420
2467,4.700480365792420
18948,4.700480365792420
5203,4.700480365792420
4269,4.700480365792420
2087,4.700480365792420
9543,4.700480365792420
14578,4.700480365792420
15009,4.700480365792420
2929,4.700480365792420
9815,4.700480365792420
9925,4.700480365792420
14088,4.700480365792420
17356,4.700480365792420
17547,4.700480365792420